informasjonstype,navn,ingress,beskrivelse,kontekstavhengig_beskrivelse,normeringsniva,eif_niva,status,samhandlingstjenester,ansvarlig,referanse_lenketekst,referanse_url
Nasjonal e-helseløsning ,Helsenorge,,Helsenorge er den offentlige helseportalen for innbyggere i Norge. Helsenorge.no gir brukere tilgang egen helseinformasjon.,,,Organisatorisk,Eksisterer,"Pasientens journaldokumenter, Pasientens kritiske informasjon, Pasientens prøvesvar, Pasientens legemiddelliste",Norsk helsenett (NHN),Om Helsenorge (nhn.no),https://www.nhn.no/tjenester/helsenorge
Krav og prinsipper ,Kritisk informasjon i kjernejournal - klinisk beskrivelse og kodeverk,,Beskrivelse av kodeverk som brukes i forbindelse med kritisk informasjon i kjernejournal. Dokumentet eies av Norsk Helsenett.,,,"Organisatorisk, Semantisk",Eksisterer,Pasientens kritiske informasjon,Norsk helsenett (NHN),Kritisk informasjon i kjernejournal - klinisk beskrivelse og kodeverk (PDF) (nhn.no),https://www.nhn.no/tjenester/kjernejournal/dokumentasjon-for-kjernejournal/nyttig-dokumentasjon-for-helsepersonell/IE-2006_kritisk%20informasjon_Klinisk%20beskrivelse%20og%20kodeverk_.pdf
Krav og prinsipper ,Løsningsbeskrivelse for dokumentdeling,,"Utviklerportalen til NHN inneholder blant annet informasjon om løsningskomponenter, grensesnitt og logging for dokumentdeling.",,,Teknisk,Eksisterer,Pasientens journaldokumenter,Norsk helsenett (NHN),Dokumentdeling (utviklerportal.nhn.no),https://utviklerportal.nhn.no/informasjonstjenester/pasientens-journaldokumenter-i-kjernejournal/
Krav og prinsipper ,EU-guidelines on patient summary,,Generelle retningslinjer fra EU om patient summary. Disse vil etter hvert komme som krav gjennom EHDS-forordningen. Disse retningslinjene legger grunnlaget for obligatoriske utvekslingsformater som er under utarbeidelse i EU. EU-guidelines tas hensyn til i arbeidet med nasjonale informasjonsmodeller for kritisk informasjon.,,,Semantisk,Eksisterer,Pasientens kritiske informasjon,EU-kommisjonen,EU-guidelines on patient summary (PDF) (health.ec.europa.eu),https://health.ec.europa.eu/document/download/e020f311-c35b-45ae-ba3d-03212b57fa65_en?filename=ehn_guidelines_patientsummary_en.pdf
Krav og prinsipper ,ePrescription and eDispensation of Authorised Medicinal Products,,"Spesifikasjon av utvekslingsformat og informasjonselementene
fra EU om digital forskrivning og utlevering legemidler. Dette vil etter hvert komme som krav gjennom EHDS-forordningen. Dette tas hensyn til i arbeidet med nasjonale informasjonsmodeller for pasientens legemiddelliste.",,,"Organisatorisk, Semantisk, Teknisk",Eksisterer,Pasientens legemiddelliste,EU-kommisjonen,ePrescription and eDispensation of Authorised Medicinal Products (PDF) (ec.europa.eu),https://health.ec.europa.eu/document/download/b744f30b-a05e-4b9c-9630-ad96ebd0b2f0_en?filename=ehn_guidelines_eprescriptions_en.pdf
Krav og prinsipper ,EU-guidelines on laboratory results,,Generelle retningslinjer fra EU om laboratoriesvar. Disse vil etter hvert komme som krav gjennom EHDS-forordningen. Disse retningslinjene legger grunnlaget for obligatoriske utvekslingsformater som er under utarbeidelse i EU.,,,Semantisk,Eksisterer,Pasientens prøvesvar,EU-kommisjonen,EU-guidelines on laboratory results (health.ec.europa.eu),https://health.ec.europa.eu/publications/ehn-laboratory-result-guidelines_en
Krav og prinsipper ,Rundskriv til legemiddelhåndteringsforskriften (IS-7/2015),,"Rundskrivet inneholder en mer detaljert beskrivelse av hvordan forskriften skal forstås, samt en veiledning som gir råd og praktiske eksempler for å kunne opprettholde gode rutiner og sikre kvalitet i legemiddelhåndteringen.",,,Organisatorisk,Eksisterer,Pasientens legemiddelliste,Helsedirektoratet,Rundskriv til legemiddelhåndteringsforskriften (IS-7/2015) (PDF) (hdir.no),https://www.helsedirektoratet.no/rundskriv/legemiddelhandteringsforskriften-med-kommentarer/Legemiddelh%C3%A5ndteringsforskriften%20med%20kommentarer%20(rev)%20%E2%80%93%20Rundskriv.pdf/_/attachment/inline/506142af-6a2f-407f-8f3d-b87d3adc3cd5:81191d21a0a9e3131cb80deff61f723499f3f65c/Legemiddelh%C3%A5ndteringsforskriften%20med%20kommentarer%20(rev)%20%E2%80%93%20Rundskriv.pdf
Krav og prinsipper ,"Implementation guide for Norwegian usage of IHE XDS, XCA and XUA",,"Implementasjonsguide som beskriver norsk bruk av IHE integrasjonsprofiler basert på XDS, XCA og XUA. Dokumentet beskriver også utvidelser og begrensninger for aktører og transaksjoner i profilene.",,,"Semantisk, Teknisk",Eksisterer,Pasientens journaldokumenter,Norsk helsenett (NHN),"Implementation guide for Norwegian usage of IHE XDS, XCA and XUA (PDF) (nhn.no)",https://utviklerportal-dev.utvikling.nhn.no/media/2ujlacuk/implementation-guide-for-norwegian-usage-of-ihe-xds-xca-and-xua.pdf
Krav og prinsipper ,Implementeringsveiledning FEST,,Implementeringsveiledningen er Direktoratet for medisinske produkter sin dokumentasjon av meldingen for forskrivnings- og ekspedisjonsstøtte (FEST).,,,Semantisk,Eksisterer,Pasientens legemiddelliste,Direktoratet for medisinske produkter,Implementeringsveiledning FEST (dmp.no),https://www.dmp.no/om-oss/distribusjon-av-legemiddeldata/fest/hvordan-bruke-fest#Implementeringsveiledning-FEST-1
Krav og prinsipper ,Krav til utleverere av medikamenter,,"Kravdokumentene beskriver funksjonalitet knyttet til e-reseptmeldinger som benyttes i kommunikasjon mellom utleverersystemer og Reseptformidleren, samt meldinger som benyttes i oppgjørsløsningen mot Helfo.",,,Teknisk,Eksisterer,Pasientens legemiddelliste,Norsk helsenett (NHN),Krav til utleverere av medikamenter (nhn.no),https://e-resept.atlassian.net/wiki/spaces/ERDOK/pages/953685209/Krav+til+utleverere
Krav og prinsipper ,Legemiddelsamstemming og legemiddelgjennomgang,,"Formålet med de faglige rådene er å bidra til god kvalitet i legemiddelbehandlingen ved å gi veiledning om rutiner og gjennomføring av legemiddelsamstemming og legemiddelgjennomgang. Målgruppen for rådene er primært helsepersonell og ledere som har ansvar for organisering og gjennomføring av tiltakene, men også pasienter og pårørende vil kunne ha nytte av rådene.",,,Organisatorisk,Eksisterer,Pasientens legemiddelliste,Helsedirektoratet,Legemiddelsamstemming og legemiddelgjennomgang (hdir.no),https://www.helsedirektoratet.no/faglige-rad/legemiddelsamstemming-og-legemiddelgjennomgang
Krav og prinsipper ,Rekvirentspesifikasjon for e-resept,,Funksjonelle spesifikasjoner for legemiddelmoduler som skal samhandle med e-resept. Spesielt relevant for de som skal utvikle egen funksjonalitet for PLL.,,,Organisatorisk,Eksisterer,Pasientens legemiddelliste,Norsk helsenett (NHN),Rekvirentspesifikasjon for e-resept (nhn.no),https://e-resept.atlassian.net/wiki/spaces/ERDOK/pages/2313421608/Rekvirentspesifikasjon+for+e-resept
Krav og prinsipper ,Felles tilgangsregler for datadeling og dokumentdeling,,"Felles tilgangsregler, krav og retningslinjer er en viktig del av felles tillitsmodell. Dette sier blant annet noe om hvilken informasjon som skal gis tilgang til og hvilke plikter som gjelder. Dette er under etablering i regi av Norsk helsenett",,,Organisatorisk,Under utvikling,Pasientens journaldokumenter,Norsk helsenett (NHN),,
Arbeidsprosess ,Gjøre oppslag i tidligere journalopplysninger,,Informasjonstjenesten gir helsepersonell muligheten til å grave seg dypere ned i innbyggerens sykdoms- og undersøkelseshistorikk fra tidligere besøk i helsetjenesten. Eks. hvis fastende langtidsblodsukker blir målt kan helsepersonell gå inn å journalen og få resultater fra tidligere tester som dagens resultater kan sammenlignes med. ,,,Organisatorisk,Eksisterer,Pasientens journaldokumenter,Helsedirektoratet,,
Arbeidsprosess ,Skaffe seg oversikt over innbyggers tilstand og behov for helsehjelp,,"Informasjonstjenestene i denne kategorien benytter helsearbeiderne til å få oversikt over hvem innbyggeren er og kritisk informasjon om innbyggerens helse. Eks. på
dette er å få oversikt over evt. legemiddelallergier. ",,,Organisatorisk,Eksisterer,Pasientens kritiske informasjon,Helsedirektoratet,,
Kodeverk og terminologi ,Underkategorier av kritisk informasjon ,,"Viser en oversikt over de ulike underkategoriene av kritisk informasjon.
",,,Semantisk,Eksisterer,Pasientens kritiske informasjon,Norsk helsenett (NHN),Underkategorier av kritisk informasjon (OID=7651) (finnkode.no),https://finnkode.helsedirektoratet.no/adm/collections/7651
Kodeverk og terminologi ,Koder for tilgangsbegrensninger i behandlingsrettede helseregistre,,"Kodeverket benyttes for å angi tilgangsbegrensninger i behandlingsrettede helseregistre, herunder EPJ-systemer og nasjonale e-helseløsninger.",,,Semantisk,Eksisterer,"Pasientens journaldokumenter, Pasientens prøvesvar",Helsedirektoratet,Koder for tilgangsbegrensninger i behandlingsrettede helseregistre (OID=9603) (finnkode.no),https://finnkode.helsedirektoratet.no/adm/collections/9603
Kodeverk og terminologi ,Smittetype som kritisk informasjon ,,Angir hvilken type smitte som kan registreres som kritisk informasjon i kjernejournal. Registrering og utveksling av kritisk informasjon i kjernejournal.,,,Semantisk,Eksisterer,Pasientens kritiske informasjon,Norsk helsenett (NHN),Smittetype som kritisk informasjon (OID=7519) (finnkode.no),https://finnkode.helsedirektoratet.no/adm/collections/7519
Kodeverk og terminologi ,Metode for utlevering av vare (7404),,Beskriver metode for ekspedering av varer fra utleverer (apotek eller bandagist).,,,Semantisk,Eksisterer,Pasientens legemiddelliste,Helsedirektoratet,Metode for utlevering av vare (7404) (finnkode.no),https://finnkode.helsedirektoratet.no/adm/collections/7404
Kodeverk og terminologi ,Status søknad SLV (7436),,,,,Semantisk,Eksisterer,Pasientens legemiddelliste,Helsedirektoratet,Status søknad SLV (7436) (finnkode.no),https://finnkode.helsedirektoratet.no/adm/collections/7436
Kodeverk og terminologi ,Kodeverk for dokumenttyper,,Kodeverk som beskriver hvilke dokumenttyper som kan deles gjennom dokumentdelingsløsningen.,,,Semantisk,Eksisterer,Pasientens journaldokumenter,Helsedirektoratet,Dokumenttyper (OID=9602) (finnkode.no),https://finnkode.helsedirektoratet.no/adm/collections/9602
Kodeverk og terminologi ,Intubasjonsproblem som kritisk informasjon,,"Gradering av anatomisk tilgjengelighet ved intubasjon iht Cormack & Lehane. Registrering og utveksling av kritisk informasjon i kjernejournal.
",,,Semantisk,Eksisterer,Pasientens kritiske informasjon,Norsk helsenett (NHN),Intubasjonsproblem som kritisk informasjon (OID=7515) (finnkode.no),https://finnkode.helsedirektoratet.no/adm/collections/7515
Kodeverk og terminologi ,Mulighet for maskeventilasjon,,"Angir om det var problemer med ventilasjon på maske registert som komplikasjon under anestesi i kjernejournal. Registrering og utveksling av kritisk informasjon i kjernejournal
",,,Semantisk,Eksisterer,Pasientens kritiske informasjon,Norsk helsenett (NHN),Mulighet for maskeventilasjon (OID=7516) (finnkode.no),https://finnkode.helsedirektoratet.no/adm/collections/7516
Kodeverk og terminologi ,Pågående behandling som kritisk informasjon ,,Angir pågående viktig behandling registert som kritisk informasjon. Gjelder behandling som normalt ikke kan utledes av pasientens forskrevne resepter. Registrering og utveksling av kritisk informasjon i kjernejournal.,,,Semantisk,Eksisterer,Pasientens kritiske informasjon,Norsk helsenett (NHN),Pågående behandling som kritisk informasjon (OID=7517) (finnkode.no),https://finnkode.helsedirektoratet.no/adm/collections/7517
Kodeverk og terminologi ,Enhet for pakning (7452),,Enhet til bruk i pakningsstørrelse og nevner for styrke som pakningsstørrelse beregnes i forhold til.,,,Semantisk,Eksisterer,Pasientens legemiddelliste,Direktoratet for medisinske produkter,Enhet for pakning (7452) (finnkode.no),https://finnkode.helsedirektoratet.no/adm/collections/7452
Kodeverk og terminologi ,Reaksjonstyper (7497),,Kodeverket inneholder reaksjonstyper for legemiddelallergi,,,Semantisk,Eksisterer,"Pasientens kritiske informasjon, Pasientens legemiddelliste",Helsedirektoratet,Reaksjonstyper (7497) (finnkode.no),https://finnkode.helsedirektoratet.no/adm/collections/7497
Kodeverk og terminologi ,Produktgruppe (7403),,"Kodeverk for medisinsk forbruksmateriell og dietetiske næringsmidler som kan forskrives på blå resept, og for brystproteser som refunderes etter folketrygdloven § 10-7i.",,,Semantisk,Eksisterer,Pasientens legemiddelliste,Helfo,Produktgruppe (7403) (finnkode.no),https://finnkode.helsedirektoratet.no/adm/collections/7403
Kodeverk og terminologi ,Typer av kritisk informasjon,,"Oversikt over hovedkategorier av kritisk informasjon
",,,Semantisk,Eksisterer,Pasientens kritiske informasjon,Norsk helsenett (NHN),Typer av kritisk informasjon (OID=7650) (finnkode.no),https://finnkode.helsedirektoratet.no/adm/collections/7650
Kodeverk og terminologi ,Status resept (7408),,,,,Semantisk,Eksisterer,Pasientens legemiddelliste,Helsedirektoratet,Status resept (7408) (finnkode.no),https://finnkode.helsedirektoratet.no/adm/collections/7408
Kodeverk og terminologi ,Prosedyreendringer som kritisk informasjon ,,Endringer i behandlingsprosedyrer registrert som kritisk informasjon. Gjelder andre prosedyreendringer enn avgrensning av livsforlengende behandling. Registrering og utveksling av kritisk informasjon i kjernejournal,,,Semantisk,Eksisterer,Pasientens kritiske informasjon,Norsk helsenett (NHN),Prosedyreendringer som kritisk informasjon (OID=7522) (finnkode.no),https://finnkode.helsedirektoratet.no/adm/collections/7522
Kodeverk og terminologi ,Implantater som kritisk informasjon,,Angir type implantat registert som kritisk informasjon. Registrering og utveksling av kritisk informasjon i kjernejournal.,,,Semantisk,Eksisterer,Pasientens kritiske informasjon,Norsk helsenett (NHN),Implantater som kritisk informasjon (OID=7518) (finnkode.no),https://finnkode.helsedirektoratet.no/adm/collections/7518
Kodeverk og terminologi ,Alvorlighetsgrad ,,Angir alvorlighetsgrad ved registrering av overfølsomhetsreaksjon i kjernejournal. Registrering og utveksling av kritisk informasjon i kjernejournal.,,,Semantisk,Eksisterer,Pasientens kritiske informasjon,Norsk helsenett (NHN),Alvorlighetsgrad (OID=7520) (finnkode.no),https://finnkode.helsedirektoratet.no/adm/collections/7520
Kodeverk og terminologi ,Svar på oppføring i LIB (7493),,Strukturert svar knytte til kommentarer som er gitt på oppføringer i Legemidler i bruk (LIB). Benyttes for å angi strukturet svar i Legemidler i bruk (LIB,,,Semantisk,Eksisterer,Pasientens legemiddelliste,Helsedirektoratet,Svar på oppføring i LIB (7493) (finnkode.no),https://finnkode.helsedirektoratet.no/adm/collections/7493
Kodeverk og terminologi ,Kilde til opplysninger,,Kodeverket inneholder alternativer for å oppgi hvor opplysninger for en allergisk reaksjon kommer fra,,,Semantisk,Eksisterer,Pasientens kritiske informasjon,Helsedirektoratet,Kilde til opplysninger (finnkode.no),https://finnkode.helsedirektoratet.no/adm/collections/7498
Kodeverk og terminologi ,TypeResept (7491),,,,,Semantisk,Eksisterer,Pasientens legemiddelliste,Helsedirektoratet,TypeResept (7491) (finnkode.no),https://finnkode.helsedirektoratet.no/adm/collections/7491
Kodeverk og terminologi ,Kommentar til oppføring i LIB (7495),,Struktuert kommentar til en oppføring i Legemidler i bruk (LIB) (M25),,,Semantisk,Eksisterer,Pasientens legemiddelliste,Helsedirektoratet,Kommentar til oppføring i LIB (7495) (finnkode.no),https://finnkode.helsedirektoratet.no/adm/collections/7495
Kodeverk og terminologi ,Nasjonalt register over enheter i spesialisthelsetjenesten (RESH) (3512),,Oversikt over alle organisatoriske enheter innen spesialisthelsetjenesten.,,,Semantisk,Eksisterer,Pasientens legemiddelliste,Helsedirektoratet,Nasjonalt register over enheter i spesialisthelsetjenesten (RESH) (3512) (finnkode.no),https://finnkode.helsedirektoratet.no/adm/collections/3512
Kodeverk og terminologi ,Kilde til opplysninger (7498),,Kodeverket inneholder alternativer for å oppgi hvor opplysninger for en allergisk reaksjon kommer fra.,,,Semantisk,Eksisterer,Pasientens legemiddelliste,Norsk helsenett (NHN),Kilde til opplysninger (7498) (finnkode.no),https://finnkode.helsedirektoratet.no/adm/collections/7498
Kodeverk og terminologi ,Kritisk medisinsk tilstand - begrunnelse,,"Angir begrunnelse for hvorfor en tilstand bør ansees som kritisk og registreres i kjernejournal.
",,,Semantisk,Eksisterer,Pasientens kritiske informasjon,Norsk helsenett (NHN),Kritisk medisinsk tilstand - begrunnelse (OID=7513) (finnkode.no),https://finnkode.helsedirektoratet.no/adm/collections/7513
Kodeverk og terminologi ,Årsak til seponering (7494),,,,,Semantisk,Eksisterer,Pasientens legemiddelliste,Norsk helsenett (NHN),Årsak til seponering (7494) (finnkode.no),https://finnkode.helsedirektoratet.no/adm/collections/7494
Kodeverk og terminologi ,Hjemmel for refusjon med medisinsk begrunnelse - ny forskrift (7427),,Lovgrunnlag for refusjon.,,,Semantisk,Eksisterer,Pasientens legemiddelliste,Helsedirektoratet,Hjemmel for refusjon med medisinsk begrunnelse - ny forskrift (7427) (finnkode.no),https://finnkode.helsedirektoratet.no/adm/collections/7427
Kodeverk og terminologi ,Annen allergi som kritisk informasjon ,,"Angir annet allergen enn legemidler som årsak til alvorlig allergisk reaksjon registrert som kritisk informasjon.
",,,Semantisk,Eksisterer,Pasientens kritiske informasjon,Norsk helsenett (NHN),Annen allergi som kritisk informasjon (OID=7514) (finnkode.no),https://finnkode.helsedirektoratet.no/adm/collections/7514
Kodeverk og terminologi ,Bekreftelse,,Angir om en registrering av kritisk informasjon er verifisert eller avkreftet. Registrering og utveksling av kritisk informasjon i kjernejournal.,,,Semantisk,Eksisterer,Pasientens kritiske informasjon,Norsk helsenett (NHN),Bekreftelse (OID=7524) (finnkode.no),https://finnkode.helsedirektoratet.no/adm/collections/7524
Kodeverk og terminologi ,Sannsynlighet,,Angir hvor sannsynlig det er at oppgitt allergen er årsaken til den registerte reaksjonen. Benyttes ved registrering av overfølsomhetsreaksjoner i kjernejournal. Registrering og utveksling av kritisk informasjon i kjernejournal.,,,Semantisk,Eksisterer,Pasientens kritiske informasjon,Norsk helsenett (NHN),Sannsynlighet (OID 7521) (finnkode.no),https://finnkode.helsedirektoratet.no/adm/collections/7521
Kodeverk og terminologi ,Helsepersonellregisterets (HPR) klassifikasjon av spesialiteter (7426),,Dette kodeverket inneholder koder for spesialiteter i Helsepersonellregisteret. Kilde: Forskrift om spesialistgodkjenning av helsepersonell og turnusstillinger for leger.,,,Semantisk,Eksisterer,Pasientens legemiddelliste,Helsedirektoratet,Helsepersonellregisterets (HPR) klassifikasjon av spesialiteter (7426) (finnkode.no),https://finnkode.helsedirektoratet.no/adm/collections/7426
Kodeverk og terminologi ,"Ja, nei (1101)",,Dette kodeverket inneholder koder for å angi svar Ja eller Nei.,,,Semantisk,Eksisterer,Pasientens legemiddelliste,Helsedirektoratet,"Ja, nei (1101) (finnkode.no)",https://finnkode.helsedirektoratet.no/adm/collections/1101
Kodeverk og terminologi ,Rolle i forhold til pasient (7490),,Oppgir hvilken rolle en organisasjon eller helseperson har i forhold til en pasient.,,,Semantisk,Eksisterer,Pasientens legemiddelliste,Helsedirektoratet,Rolle i forhold til pasient (7490) (finnkode.no),https://finnkode.helsedirektoratet.no/adm/collections/7490
Kodeverk og terminologi ,Absoluttlisten - oversikt over kritiske medisinske tilstander,,Liste over diagnoser/tilstander som bør registreres som «Kritisk medisinsk tilstand» i kjernejournal. Dette er en dynamisk liste som oppdateres og tilpasses kontinuerlig etter faktiske kliniske behov i tråd med gjeldende kunnskap og praksis.,,,Semantisk,Eksisterer,Pasientens kritiske informasjon,Helsedirektoratet,Absoluttlisten (PDF) (nhn.no),https://www.nhn.no/tjenester/kjernejournal/dokumentasjon-for-kjernejournal/nyttig-dokumentasjon-for-helsepersonell/Absoluttliste%20-%20nettversjon%200721.pdf
Teknisk grensesnitt ,API for kritisk informasjon i kjernejournal,,API i kjernejournal gjør det mulig å integrere kliniske fagsystem med kjernejournal og unngå duplisering av kritisk informasjon.,,,Teknisk,Eksisterer,Pasientens kritiske informasjon,Norsk helsenett (NHN),Kritisk informasjon-API (Alert information) (nhn.no),https://kjernejournal.atlassian.net/wiki/spaces/KJERNEJOURDOK1/pages/836796547/Kritisk+informasjon-API+Alert+information
Teknisk grensesnitt ,Integrating the Healthcare Enterprise - Mobile access to Health Documents (IHE MHD),,"Mobile access to Health Documents (MHD) definerer FHIR-basert standardisert grensesnitt for å dele dokumenter og format-uavhengige metadata, som opprinnelig er definert i XDS.",,,Teknisk,Eksisterer,Pasientens journaldokumenter,Integrating the Healthcare Enterprise (IHE),Mobile access to Health Documents (MHD) (ihe.net),https://profiles.ihe.net/ITI/TF/Volume1/ch-33.html
Teknisk grensesnitt ,Integrating the Healthcare Enterprise - Cross-enterprise User Assertion (IHE XUA),,"XUA er en profil for håndtering av autentisering på tvers av samarbeidsområder. Beskriver sikkerhetsbilletten, som gjelder både innenfor og på tvers av samarbeidsområder.",,,Teknisk,Eksisterer,Pasientens journaldokumenter,Integrating the Healthcare Enterprise (IHE),Cross Enterprise User Assertion (XUA) (ihe.net),https://profiles.ihe.net/ITI/TF/Volume1/ch-13.html
Teknisk grensesnitt ,Integrating the Healthcare Enterprise - Cross Community Access (IHE XCA),,"Når det tillates flere samarbeidsområder, vil profilen XCA kreves for å kunne søke og få tilgang til dokumenter på tvers av samarbeidsområdene.",,,Teknisk,Eksisterer,Pasientens journaldokumenter,Integrating the Healthcare Enterprise (IHE),Cross-Community Access (XCA) (ihe.net),https://profiles.ihe.net/ITI/TF/Volume1/ch-18.html
Teknisk grensesnitt ,Integrating the Healthcare Enterprise - Cross-Enterprise Document Sharing (IHE XDS),,XDS er en profil for å håndtere dokumentdeling på tvers av virksomheter innen samme samarbeidsområde.,,,Teknisk,Eksisterer,Pasientens journaldokumenter,Integrating the Healthcare Enterprise (IHE),XDS specification (ihe.net),https://wiki.ihe.net/index.php/Cross-Enterprise_Document_Sharing
Kodeverk og terminologi ,Kritisk informasjon i kjernejournal - klinisk beskrivelse og kodeverk,,Beskrivelse av kodeverk som brukes i forbindelse med kritisk informasjon i kjernejournal. Dokumentet eies av Norsk Helsenett.,,,Semantisk,Eksisterer,Pasientens kritiske informasjon,Norsk helsenett (NHN),Kritisk informasjon i kjernejournal - klinisk beskrivelse og kodeverk (PDF) (nhn.no),https://www.nhn.no/tjenester/kjernejournal/dokumentasjon-for-kjernejournal/nyttig-dokumentasjon-for-helsepersonell/IE-2006_kritisk%20informasjon_Klinisk%20beskrivelse%20og%20kodeverk_.pdf
Teknisk grensesnitt ,Dokumentasjon av API og FHIR for pasientens prøvesvar,,Teknisk informasjon om FHIR-ressurser og grensesnitt for pasientens prøvesvar.,,,Teknisk,Under utvikling,Pasientens prøvesvar,Norsk helsenett (NHN),Dokumentasjon av API og FHIR for pasientens prøvesvar (nhn.no),https://utviklerportal.nhn.no/informasjonstjenester/pasientens-proevesvar/
Samhandlingskomponent ,Felles API-katalog,,Portal som gir oversikt og informasjon om tilgjengelige APIer. Denne oversikten er tilgjengelig på NHNs utviklerportal. Den blir fortløpende oppdatert med informasjon om APIer,,,Teknisk,Eksisterer,Pasientens kritiske informasjon,Norsk helsenett (NHN),NHN Utviklerportal,https://utviklerportal.nhn.no
Samhandlingskomponent ,Personvern og tilgangsstyring (PTS),,"Den nasjonale personverntjenesten er en samling og tilgjengeliggjøring av tilgangsbegrensninger, herunder personverninnstillinger. ",,,Teknisk,Eksisterer,Pasientens prøvesvar,Norsk helsenett (NHN),Personvern og tilgangsstyring (PTS) (nhn.no),https://utviklerportal.nhn.no/informasjonstjenester/pts/
Informasjonslager ,Lager for svarrapporter for pasientens prøvesvar,,Lager i kjernejournal for svarrapporter til bruk i pasientens prøvesvar.,,,Teknisk,Eksisterer,Pasientens prøvesvar,Norsk helsenett (NHN),Teknisk beskrivelse av pasientens prøvesvar (nhn.no),https://www.nhn.no/tjenester/pasientens-provesvar/teknisk-beskrivelse-svarmeldinger
Samhandlingskomponent ,Sentral forskrivningsmodul - Basis API,,SFM Basis API er tilrettelagt EPJ-systemer som har egenutviklet legemiddelmodul. SFM Basis API vil gi et forenklet og kvalitetssikret grensesnitt mellom EPJ og de sentrale registrene Reseptformidleren (RF) og Kjernejournal (KJ). ,,,Teknisk,Eksisterer,Pasientens legemiddelliste,Norsk helsenett (NHN),SFM Basis API (nhn.no),https://e-resept.atlassian.net/wiki/spaces/SFMDOK/pages/2160493776/SFM+Basis+API
Samhandlingskomponent ,Sentral forskrivningsmodul - Fullversjon,,"SFM  er en legemiddelmodul som vil inngå som en integrert del av EPJ-systemet, men vil driftes og forvaltes sentralt. I SFM lagres legemiddelopplysningene i SFMs sentrale database, men alle data holdes separat for den enkelte virksomhet.",,,Teknisk,Eksisterer,Pasientens legemiddelliste,Norsk helsenett (NHN),SFM Fullversjon (nhn.no),https://e-resept.atlassian.net/wiki/spaces/SFMDOK/pages/2160492688/SFM+Fullversjon
Samhandlingskomponent ,Interaksjonsvarslingstjeneste,,"Formålet med interaksjonsdata er å avverge legemiddelrelaterte problemer som skyldes legemiddelinteraksjoner, for eksempel bivirkninger og manglende effekt. Direktoratet for medisinske produkter har laget et søkeverktøy med uheldige kombinasjoner av legemidler for mennesker. ",,,Teknisk,,Pasientens legemiddelliste,Direktoratet for medisinske produkter,Interaksjonssøk (legemiddelsok.no),https://www.legemiddelsok.no/sider/Interaksjoner.aspx
Samhandlingskomponent ,Personvernkomponenten,,Personvernkomponenten (PVK) er en fellesløsning der en innbyggers innstillinger knyttet til personvern er lagret,,,Teknisk,Eksisterer,"Pasientens journaldokumenter, Pasientens kritiske informasjon",Norsk helsenett (NHN),Om personvernkomponenten (nhn.no),https://helsenorge.atlassian.net/wiki/spaces/HELSENORGE/pages/376602660/Generelt+om+PVK
Samhandlingskomponent ,HelseID,,HelseID er en felles påloggingsløsning for helse- og omsorgssektoren.,,,Teknisk,Eksisterer,"Pasientens journaldokumenter, Pasientens kritiske informasjon, Pasientens legemiddelliste",Norsk helsenett (NHN),Informasjon om HelseID (nhn.no),https://www.nhn.no/tjenester/helseid
Informasjonsmodell ,Informasjonsmodell SFM-fullversjon,,Implementasjonsveileder for sentral forskrivningsmodul. ,,,Semantisk,,Pasientens legemiddelliste,Norsk helsenett (NHN),SFM Fullversjon (nhn.no),https://simplifier.net/guide/sfmapidatadeling?version=current
Forskrift ,Reseptformidlerforskriften,,"Forskriften er hjemlet i pasientjournalloven § 12, som gir behandlingsgrunnlaget for Reseptformidleren. Forskiften gir nærmere bestemmelser om behandling av helseopplysninger i Reseptformidleren. Formålet med reseptformidleren er å sørge for sikker og effektiv formidling av resepter og reseptopplysninger mellom aktører med tjenstlig behov, samt overføring av informasjon til kjernejournal. Hvilke opplysninger som kan behandles i Reseptformidleren følger av reseptformidlerforskriften § 1-7.","Pasientens legemiddelliste: Pasientens legemiddelliste, som er en samlet og oppdatert oversikt over relevante opplysninger om pasientens legemiddelbehandling, kan behandles i Reseptformidleren.",,Juridisk,Eksisterer,"Pasientens kritiske informasjon, Pasientens legemiddelliste",Helse- og omsorgsdepartementet,Forskrift om behandling av helseopplysninger i nasjonal database for elektroniske resepter (Reseptformidlerforskriften) (lovdata.no),https://lovdata.no/dokument/SF/forskrift/2007-12-21-1610
Informasjonsmodell ,Informasjonsmodell SFM-Basis API,,Implementasjonsveileder for FHIR-API i sentral forskrivningsmodul. ,,,Semantisk,,Pasientens legemiddelliste,Norsk helsenett (NHN),SFM Basis API (nhn.no),https://simplifier.net/guide/sfmapibasis?version=current
Samhandlingskomponent ,Reseptformidleren og e-resept,,Reseptformidleren har en sentral i formidlingen av informasjon mellom aktørene i e-resept verdikjeden. Reseprformidleren er en database og meldingsformidler for alle aktive resepter og pasientens legemiddelliste med tilhørende meldinger. Denne siden linker videre til e-resept dokumentasjonen. ,,,Teknisk,Eksisterer,Pasientens legemiddelliste,Norsk helsenett (NHN),Reseptformidleren og e-resept (nhn.no),https://utviklerportal.nhn.no/informasjonstjenester/reseptformidleren-og-e-resept/
Kodeverk og terminologi ,FEST - Forskrivnings- og ekspedisjonsstøtte,,"FEST er et datagrunnlag som gir lege, apotek og bandasjist oppdatert informasjon om alt du kan få på resept i Norge. Det beriker elektroniske kurveløsninger og legger grunnlag for pasientrettet legemiddelinformasjon.

",,,,Eksisterer,"Pasientens kritiske informasjon, Pasientens legemiddelliste",Legemiddelverket,FEST - Forskrivnings- og ekspedisjonsstøtte (dmp.no),https://www.dmp.no/om-oss/distribusjon-av-legemiddeldata/fest
Nasjonal e-helseløsning ,Kjernejournal,,Kjernejournal er en digital løsning for deling av pasientenes helseopplysninger på tvers av virksomheter og nivåer i helsevesenet.,,,Organisatorisk,Eksisterer,"Pasientens journaldokumenter, Pasientens kritiske informasjon, Pasientens prøvesvar, Pasientens legemiddelliste",Norsk helsenett (NHN),Om kjernejournal (nhn.no),https://www.nhn.no/tjenester/kjernejournal
Nasjonal e-helseløsning ,E-resept,,E-resept er en løsning for sikker overføring av reseptinformasjon. Løsningen består av et sett ulike meldinger og systemer som håndterer sikker rekvirering og utlevering til pasient.,,,Organisatorisk,Eksisterer,"Pasientens kritiske informasjon, Pasientens legemiddelliste",Norsk helsenett (NHN),Om e-resept (nhn.no),https://www.nhn.no/tjenester/e-resept/om-e-resept
Krav og prinsipper ,Plan om å utarbeide veileder for deling av kritisk informasjon,,Det er behov for veiledning om hvordan kritisk informasjon skal deles og brukes. Helsedirektoratet planlegger å starte arbeidet med en slik veiledning i 2025,,,Semantisk,Udekkede behov,Pasientens kritiske informasjon,Helsedirektoratet,,
Forskrift ,Endringer i kjernejournalforskriften,,Gjennom en endring i kjernejournalforskriften er laboratorie- og bildediagnostiske svar innen åtte fagområder vedtatt som nye innholdselementer i kjernejournal. Forskriftsendringen er ikke trådt i kraft. Dette skjer fra det tidspunkt Helse- og omsorgsdepartementet bestemmer.,,,Juridisk,Under utvikling,Pasientens prøvesvar,Helse- og omsorgsdepartementet,,
Forskrift ,Endringer i kjernejournalforskriften,,Gjennom en endring i kjernejournalforskriften er laboratorie- og bildediagnostiske svar innen åtte fagområder vedtatt som nye innholdselementer i kjernejournal. Forskriftsendringen er ikke trådt i kraft. Dette skjer fra det tidspunkt Helse- og omsorgsdepartementet bestemmer.,,,Juridisk,Under utvikling,Pasientens prøvesvar,Helse- og omsorgsdepartementet,,
Forskrift ,Pasientjournalforskriften,,"Pasientjournalforskriften er hjemlet i pasientjournalloven, og utfyller blant annet pasientjournallovens krav til informasjonssikkerhet. Forskriften setter blant annet spesifikke krav til tilgangsstyring og logging.",Pasientens legemiddelliste: Vedtatte bestemmelser om pasientens legemiddelliste i pasientjournalforskriften § 6 bokstav e tredje punktum og § 9 er ikke tredd i kraft. De trer i kraft fra det tidspunktet departementet bestemmer.,,Juridisk,Eksisterer,"Pasientens journaldokumenter, Pasientens legemiddelliste, Pasientens måledata",Helse- og omsorgsdepartementet,Forskrift om pasientjournal (pasientjournalforskriften) (lovdata.no),https://lovdata.no/dokument/SF/forskrift/2019-03-01-168?q=Pasientjournalforskriften
Lov ,Høring om forslag til endringer i reglene om taushetsplikt,,Helse- og omsorgsdepartementet har sendt på høring forslag om endringer i reglene om taushetsplikt i helsepersonelloven og pasientjournalloven mv. ,,,Juridisk,Under utvikling,"Pasientens journaldokumenter, Pasientens måledata",Helse- og omsorgsdepartementet,Høring - forslag til endringer i reglene om taushetsplikt i helsepersonelloven og pasientjournalloven mv. (regjeringen.no),https://www.regjeringen.no/no/dokumenter/horing-forslag-til-endringer-i-reglene-om-taushetsplikt-i-helsepersonelloven-og-pasientjournalloven-mv/id3054526/
Lov ,Pasient- og brukerrettighetsloven,,"Både personopplysningsloven (personvernforordningen), pasientjournalloven og tildels pasient- og brukerrettighetsloven regulerer behandling av person- og helseopplysninger.

Pasient- og brukerrettighetsloven fastsetter rettigheter pasienten har overfor helse- og omsorgstjenesten, herunder rett til innsyn i journal og rett til å motsette seg deling av journalopplysninger",,,Juridisk,Eksisterer,"Pasientens journaldokumenter, Pasientens kritiske informasjon, Pasientens prøvesvar, Pasientens legemiddelliste, Pasientens måledata",Helse- og omsorgsdepartementet,Lov om pasient- og brukerrettigheter (pasient- og brukerrettighetsloven) (lovdata.no),https://lovdata.no/dokument/NL/lov/1999-07-02-63?q=Pasient-%20og%20brukerrettighetsloven
Lov ,Personopplysningsloven,,"Både personopplysningsloven (personvernforordningen), pasientjournalloven og tildels pasient- og brukerrettighetsloven regulerer behandling av person- og helseopplysninger. 

Personopplysningsloven gjennomfører EUs personvernforordning i norsk rett og er den sentrale sektorovergripende loven når det gjelder behandling av personopplysninger. Loven utfyller pasientjournallovens særlige bestemmelser om behandling av helseopplysninger.",,,Juridisk,Eksisterer,"Pasientens journaldokumenter, Pasientens kritiske informasjon, Pasientens prøvesvar, Pasientens legemiddelliste, Pasientens måledata",Justis- og beredskapsdepartementet,Lov om behandling av personopplysninger (personopplysningsloven) (lovdata.no),https://lovdata.no/dokument/NL/lov/2018-06-15-38?q=personopplysningsloven
Forskrift ,Kjernejournalforskriften,,"Forskriften er hjemlet i pasientjournalloven § 13. Forskriften gir nærmere bestemmelser om nasjonal kjernejournal, og det følger av forskriften § 4 hvilke opplysninger kjerjournal kan inneholde. Dette omfatter blant annet kritisk informasjon og referanser til ytterligere informasjon, som for eksempel epikriser.","Pasientens legemiddelliste: Pasientens legemiddelliste i Reseptformidleren, kan også tilgjengeliggjøres for helsepersonell i Nasjonal kjernejournal jf. kjernejournalforskriften § 7.",,Juridisk,Eksisterer,"Pasientens journaldokumenter, Pasientens kritiske informasjon, Pasientens legemiddelliste",Helse- og omsorgsdepartementet,Forskrift om nasjonal kjernejournal (kjernejournalforskriften) (lovdata.no),https://lovdata.no/dokument/SF/forskrift/2013-05-31-563?q=kjernejournalforskriften
Forskrift ,Kjernejournalforskriften,,"Forskriften er hjemlet i pasientjournalloven § 13. Forskriften gir nærmere bestemmelser om nasjonal kjernejournal, og det følger av forskriften § 4 hvilke opplysninger kjernejournal kan inneholde. Dette omfatter blant annet kritisk informasjon , laboratorie- og bildediagnostiske prøvesvar, samt referanser til ytterligere informasjon, for eksempel til epikriser.","Pasientens legemiddelliste: Pasientens legemiddelliste i Reseptformidleren, kan også tilgjengeliggjøres for helsepersonell i Nasjonal kjernejournal jf. kjernejournalforskriften § 7.",,Juridisk,Eksisterer,"Pasientens journaldokumenter, Pasientens kritiske informasjon, Pasientens prøvesvar, Pasientens legemiddelliste",Helse- og omsorgsdepartementet,Forskrift om nasjonal kjernejournal (kjernejournalforskriften) (lovdata.no),https://lovdata.no/dokument/SF/forskrift/2013-05-31-563?q=kjernejournalforskriften
Forskrift ,Forskrift om standarder og nasjonale e-helseløsninger,,"Forskriften er hjemlet i pasientjournalloven §§ 7, 8, 12 og 13. Forskriften gir blant annet nærmere bestemmelser om plikt til bruk, betaling og tilgjengeliggjøring av nasjonale e-helseløsninger samt nærmere bestemmelser om krav til elektronisk behandling av helseopplysninger og standarder.",Pasientens legemiddelliste: Forskriften gir krav til funksjonalitet ved meldingsutvekslinger for resepter og reseptopplysninger.,,Juridisk,Eksisterer,"Pasientens journaldokumenter, Pasientens kritiske informasjon, Pasientens prøvesvar, Pasientens legemiddelliste, Pasientens måledata",Helse- og omsorgsdepartementet,Forskrift om standarder og nasjonale e-helseløsninger (lovdata.no),https://lovdata.no/dokument/SF/forskrift/2015-07-01-853?q=Forskrift%20om%20standarder%20og%20nasjonale
Krav og prinsipper ,Bruk av standardene Rekvirering av medisinske tjenester og Svarrapportering av medisinske tjenester,,"Dette dokumentet beskriver bruk av standardene for Rekvirering av medisinske tjenester og Svarrapportering av medisinske tjenester slik at standardene skal blir håndtert på en korrekt måte ved sending og mottak. Dokumentet angir lovlig bruk av berørte kodeverk og bruk av id-er ved endringer, kanselleringer, tillegg eller historikk.",,Anbefalt standard,"Organisatorisk, Semantisk",Eksisterer,Pasientens prøvesvar,Helsedirektoratet,Bruk av standardene Rekvirering av medisinske tjenester og Svarrapportering av medisinske tjenester,https://www.helsedirektoratet.no/standarder/bruk-av-standardene-rekvirering-av-medisinske-tjenester-og-svarrapportering-av-medisinske-tjenester
Krav og prinsipper ,Bruk av laboratoriekodeverk i rekvirering og svarrapportering av medisinske tjenester,,"Dokumentet beskriver hvordan laboratoriekodeverk skal benyttes i meldingsstandardene Svarrapportering av medisinske tjenester og Rekvirering av medisinske tjenester. Dokumentet viser hvordan NLK skal benyttes i XML-meldingene, samt hvordan de ulike XML-elementene benyttes for å angi informasjon om prøvemateriale, anatomisk lokalisasjon, metode og enhet.
",,Anbefalt standard,"Organisatorisk, Semantisk",Eksisterer,Pasientens prøvesvar,Helsedirektoratet,Bruk av laboratoriekodeverk i rekvirering og svarrapportering av medisinske tjenester,https://www.helsedirektoratet.no/standarder/bruk-av-laboratoriekodeverk-i-rekvirering-og-svarrapportering-av-medisinske-tjenester
Kodeverk og terminologi ,Anatomical Therapeutic Chemical (ATC),,Kodeverket angir koder for en internasjonal klassifisering av legemidler i klassifikasjonssystemet Anatomical Therapeutic Chemical (ATC) Classification System,,Obligatorisk standard,Semantisk,Eksisterer,"Pasientens kritiske informasjon, Pasientens legemiddelliste",Helsedirektoratet,ATC (OID=7180) (finnkode.no),https://finnkode.helsedirektoratet.no/adm/collections/7180
Informasjonstjeneste ,Pasientens legemiddelliste,"Her får du oversikt over krav og anbefalinger som gjelder for samhandlingstjenesten pasientens legemiddelliste, med lenker til sider og dokumenter der føringer er publisert.","Pasientens legemiddelliste skal inneholde en samlet og oppdatert oversikt over hvilke reseptbelagte legemidler pasienten bruker, og andre legemidler når det er relevant. Beskrivelse av tiltaket pasientens legemiddelliste. Se oversikt over pågående og planlagte aktiviteter for pasientens legemiddelliste i veikart for nasjonal e-helsestrategi.",,,Organisatorisk,Under utvikling,Pasientens legemiddelliste,Helsedirektoratet,,
Informasjonstjeneste ,Pasientens prøvesvar,"Her får du oversikt over krav og anbefalinger som gjelder for samhandlingstjenesten pasientens prøvesvar, med lenker til sider og dokumenter der føringer er publisert.","Pasientens prøvesvar gjør det mulig å tilgjengeliggjøre laboratorie- og bildediagnostiske prøvesvar på tvers av behandlingsnivåer, uavhengig av hvem som har bestilt undersøkelsen og hvor i landet den er utført.

Det er vedtatt endringer i pasientjournalloven § 13 femte ledd og kjernejournalforskriften som legger til rette for at pasientens prøvesvar tas inn som en del av kjernejournal. Beskrivelse av tiltaket pasientens prøvesvar. Se oversikt over pågående og planlagte aktiviteter for pasientens prøvesvar i veikart for nasjonal e-helsestrategi.",,,Organisatorisk,Under utvikling,Pasientens prøvesvar,Helsedirektoratet,,
Informasjonstjeneste ,Pasientens kritiske informasjon,"Her får du oversikt over krav og anbefalinger som gjelder for samhandlingstjenesten pasientens kritiske informasjon, med lenker til sider og dokumenter der disse er publisert.","Samhandlingstjenesten baserer seg på kritisk informasjon i kjernejournal. Med kritisk informasjon menes informasjon som man i en behandlingssituasjon ønsker at det varsles særskilt om til helsepersonell som har pasienten til behandling. Eksempler på kritisk informasjon er allergier, spesielle lidelser eller tidligere komplikasjoner ved anestesi. Beskrivelse av tiltaket pasientens kritiske informasjon. Se oversikt over pågående og planlagte aktiviteter for pasientens kritiske informasjon i veikart for nasjonal e-helsestrategi.",,,Organisatorisk,Eksisterer,Pasientens kritiske informasjon,Helsedirektoratet,,
Informasjonstjeneste ,Pasientens journaldokumenter,"Her får du oversikt over krav og anbefalinger som gjelder for samhandlingstjenesten pasientens journaldokumenter, med lenker til sider og dokumenter der disse er publisert.","Pasientens journaldokumenter er en samhandlingstjeneste for å gi innsyn i dokumenter via kjernejournal for helsepersonell og via Helsenorge for innbyggere.  Eksempler er epikriser, sammenfatninger, og henvisninger. Beskrivelse av tiltaket pasientens journaldokumenter. Se oversikt over pågående og planlagte aktiviteter for pasientens journaldokumenter i veikart for nasjonal e-helsestrategi.",,,Organisatorisk,Eksisterer,Pasientens journaldokumenter,Helsedirektoratet,,
Fortolkning , Kjernejournals formål og forholdet til helsepersonelloven §§ 25 b og 29 c ,,Dokumentet det er lenket til under inneholder en juridisk vurdering av bruk av opplysninger i kjernejournal der formålet er å yte helsehjelp til en annen pasient eller til egen læring og kvalitetssikring av helsehjelpen.,,,Juridisk,Eksisterer,Pasientens journaldokumenter,Helsedirektoratet,"Fortolkning - spørsmål om bruk av opplysninger i kjernejournal der formålet er å yte helsehjelp til en annen pasient eller til egen læring og kvalitetssikring av helsehjelpen, jf. helsepersonelloven §§ 25 b og 29 c (PDF)",https://www.helsedirektoratet.no/tema/digital-deling-av-helseopplysninger/Fortolkning%20-%20sp%C3%B8rsm%C3%A5l%20om%20bruk%20av%20opplysninger%20i%20kjernejournal%20der%20form%C3%A5let%20er%20%C3%A5%20yte%20helsehjelp%20til%20en%20annen%20pasient%20eller%20til%20egen%20l%C3%A6ring%20og%20kvalitetssikring.pdf/_/attachment/inline/cfa85b09-9a60-4772-891e-0fb6fed65e3f:753f25e56e9f7b88450ddc59d6e0b8e278138ab9/Fortolkning%20-%20sp%C3%B8rsm%C3%A5l%20om%20bruk%20av%20opplysninger%20i%20kjernejournal%20der%20form%C3%A5let%20er%20%C3%A5%20yte%20helsehjelp%20til%20en%20annen%20pasient%20eller%20til%20egen%20l%C3%A6ring%20og%20kvalitetssikri.pdf
Fortolkning , Juridisk vurdering av dokumentdeling via kjernejournal (pasientens journaldokumenter),,"Vurderingene det er lenket til under redegjør for hjemmelsgrunnlaget for dokumentdeling via kjernejournal (pasientens journaldokumenter). I tillegg fastslås rekkevidden av de deltakende virksomhetenes dataansvar og den betydning dette har for virksomhetenes plikt til å vurdere risiko, sørge for at det iverksettes tilstrekkelige informasjonssikkerhetstiltak og ivareta den registrertes rettigheter.",,,Juridisk,Eksisterer,Pasientens journaldokumenter,Helsedirektoratet,"Juridisk vurdering av Pasientens journaldokumenter (fortolkning av Direktoratet for e-helse og Helsedirektoratet, uttalelse fra Helse- og omsorgsdepartementet) (PDF)",https://www.helsedirektoratet.no/tema/digital-deling-av-helseopplysninger/Juridisk%20vurdering%20av%20og%20uttalelse%20om%20dokumentdeling%20via%20kjernejournal.pdf/_/attachment/inline/6b8f5adc-260a-45d4-a8af-4d0ae383e4fc:e0fefc58782aed7bc6d462cac671fb39744f83fc/Juridisk%20vurdering%20av%20og%20uttalelse%20om%20dokumentdeling%20via%20kjernejournal.pdf
Teknisk grensesnitt ,Teknisk dokumentasjon for svarrapportering av medisinske tjenester 1.4,,"Teknisk dokumentasjon for svarrapporter, som blant annet inneholder kravdokumenter, XML skjema, XML meldingsbeskrivelser og eksempelfiler.",,,Teknisk,Eksisterer,Pasientens prøvesvar,Helsedirektoratet,Teknisk dokumentasjon for svarrapportering av medisinske tjenester 1.4,https://sarepta.helsedir.no/standard/Svarrapportering%20av%20medisinske%20tjenester/1.4
Klinisk fagsystem ,Klinisk fagsystem,,"Elektronisk system som ivaretar særskilte funksjoner innen klinisk behandling. Eksempelvis fagsystemkategorier som LIMS (laboratoriestøtte), RAD (radiologistøtte) og Føde (fødselsklinikk) og ulike EPJ-systemer.",,,Teknisk,Eksisterer,Pasientens journaldokumenter,Den enkelte aktør,Målarkitektur for dokumentdeling,https://www.helsedirektoratet.no/faglige-rad/malarkitektur-for-dokumentdeling/malarkitektur-for-dokumentdeling.pdf/_/attachment/inline/189c3c04-6baa-4007-90a5-fb49312d9e1e:e327395240bcaadedde5a2daff935836ccb888b8/Målarkitektur%20for%20dokumentdeling.pdf
Krav og prinsipper ,Bli klar for pasientens legemiddelliste,,"Anbefalinger om teknisk tilrettelegging, tilpassing av arbeidsprosesser og opplæring for innføring av pasientens legemiddelliste.",,,"Organisatorisk, Teknisk",Eksisterer,Pasientens legemiddelliste,Helsedirektoratet,Bli klar for pasientens legemiddelliste,https://www.helsedirektoratet.no/digitalisering-og-e-helse/pasientens-legemiddelliste/bli-klar-for-pasientens-legemiddelliste
Krav og prinsipper ,Logging og etterkontroll,,"Dokumentet beskriver prinsipper for logging, loggkontroll og loggoppfølging.",,,Organisatorisk,Eksisterer,Pasientens journaldokumenter,Helsedirektoratet,"Logg, logging og loggkontroll (nhn.no)","https://www.nhn.no/tjenester/pasientens-journaldokumenter/deling-av-journaldokumenter-gjennom-kjernejournal/Logg,%20loggkontroll%20og%20loggoppf%C3%B8lging.pdf"
Krav og prinsipper ,Mal og veiledning for utfylling av personvernkonsekvensvurdering (DPIA),,Dette er en mal og veiledning som skal hjelpe dataansvarlige i helse- og omsorgssektoren med å gjennomføre en vurdering av personvernkonsekvenser (DPIA).,,Nasjonal veileder,Organisatorisk,Eksisterer,Pasientens journaldokumenter,Helsedirektoratet,Mal og veiledning for utfylling av personvernkonsekvensvurdering (DPIA),https://www.helsedirektoratet.no/veiledere/personvernkonsekvensvurdering-dpia-mal
Krav og prinsipper ,Veileder om bruk av NS-EN ISO 27269:2022 Helseinformatikk - Oppsummerende pasientopplysninger [The International Patient Summary],,Anbefaling for bruk av standarden NS-EN ISO 27269:2022 Helseinformatikk - Oppsummerende pasientopplysninger [The International Patient Summary] i Norge,,Nasjonal veileder,Semantisk,Eksisterer,Pasientens kritiske informasjon,Helsedirektoratet,Veileder om bruk av NS-EN ISO 27269:2022 Helseinformatikk - Oppsummerende pasientopplysninger [The International Patient Summary],https://www.helsedirektoratet.no/veiledere/bruk-av-ips-oppsummerende-pasientopplysninger/Veileder%20om%20bruk%20av%20NS-EN%2027269%20(HITR%201240_2020)%20-%20oppdatert.pdf/_/attachment/inline/25b0585d-431c-44aa-9082-902aef06a218:670fa7ae9de922f8508e694f244df888767e40bb/Veileder%20om%20bruk%20av%20NS-EN%2027269%20(HITR%201240_2020)%20-%20oppdatert.pdf
Krav og prinsipper ,"Veileder for helse- og omsorgssektoren: Bruk av Digitaliseringsdirektoratets ""Overordnede arkitekturprinsipper for digitalisering av offentlig sektor""",,"Veileder som gir tilleggsforklaringer og anbefalinger for helsesektoren til DigDirs overordnede arkitekturprinsipper, og lenker til relevante ressurser som nettsteder og dokumenter.",,Nasjonale faglige råd,Organisatorisk,Eksisterer,Pasientens journaldokumenter,Helsedirektoratet,"Veileder for helse- og omsorgssektoren: Bruk av Digitaliseringsdirektoratets ""Overordnede arkitekturprinsipper for digitalisering av offentlig sektor""",https://www.helsedirektoratet.no/faglige-rad/veileder-for-helse-og-omsorgssektoren-bruk-av-digitaliseringsdirektoratets-overordnede-arkitekturprinsipper-for-digitalisering-av-offentlig-sektor/veileder-for-helse-og-omsorgssektoren-bruk-av-digitaliseringsdirektoratets-overordnede-arkitekturprinsipper-for-digitalisering-av-offentlig-sektor.pdf/_/attachment/inline/1453b33b-95cd-4771-b410-9575e0aed84d:8c90091541ba14e6d3fd3d9d13ec5702d48a17ad/Veileder%20for%20helse-%20og%20omsorgssektoren%20-%20Bruk%20av%20Digitaliseringsdirektoratets%20Overordnede%20arkitekturprinsipper%20for%20digitalisering%20av%20offentlig%20sektor.pdf
Krav og prinsipper ,Målarkitektur for datadeling,,Målarkitekturen beskriver hvilke egenskaper og funksjoner som er nødvendige for å oppnå datadeling i sektoren samt hvilke felleskomponenter som sektoren ønsker skal etableres/videreutvikles.,,Nasjonale faglige råd,"Organisatorisk, Semantisk, Teknisk",Eksisterer,Pasientens kritiske informasjon,Helsedirektoratet,Målarkitektur for datadeling i helse- og omsorgssektoren,https://www.helsedirektoratet.no/faglige-rad/malarkitektur-for-datadeling-i-helse-og-omsorgssektoren/malarkitektur-for-datadeling-i-helse-og-omsorgssektoren.pdf/_/attachment/inline/c896939e-1556-4a68-ad79-fb218d6370eb:37a01f4b4eb932b51b3cd8d50d9b8b02a2555732/Målarkitektur%20for%20datadeling%20i%20helse-%20og%20omsorgssektoren.pdf
Krav og prinsipper ,Forretningsmessige arkitekturprinsipper for datadeling,,"Disse prinsippene gir organisatoriske føringer for datadeling og handler blant annet om hvordan grensesnitt gjøres tilgjengelige, hvordan de forvaltes og bruk av standarder. Prinsippene er beskrevet i kapittel 4 i referansearkitekturen.",,Nasjonale faglige råd,Organisatorisk,Eksisterer,Pasientens kritiske informasjon,Helsedirektoratet,"Referansearkitektur for datadeling, se kap 4.3 og 4.4",https://www.helsedirektoratet.no/faglige-rad/referansearkitektur-for-datadeling/referansearkitektur-for-datadeling.pdf/_/attachment/inline/83b90a46-dd31-46ec-80fc-bbf886c4cfa4:c6974e511e5ef3093716e9f0d93287d4fead977f/Referansearkitektur%20for%20datadeling.pdf
Krav og prinsipper ,Informasjons- og sikkerhetsprinsipper for datadeling,,Disse prinsippene gir føringer for informasjonssikkerhet og -innhold ved datadeling  og handler blant annet om autentisering og tillitstjenester. Prinsippene er beskrevet i kapittel 4 i referansearkitekturen. ,,Nasjonale faglige råd,Semantisk,Eksisterer,Pasientens kritiske informasjon,Helsedirektoratet,"Referansearkitektur for datadeling, se kap 4.3 og 4.4",https://www.helsedirektoratet.no/faglige-rad/referansearkitektur-for-datadeling/referansearkitektur-for-datadeling.pdf/_/attachment/inline/83b90a46-dd31-46ec-80fc-bbf886c4cfa4:c6974e511e5ef3093716e9f0d93287d4fead977f/Referansearkitektur%20for%20datadeling.pdf
Krav og prinsipper ,Tekniske arkitekturprinsipper for datadeling,,Disse prinsippene gir tekniske føringer for datadeling og handler om god praksis for publisering og bruk av APIer. Prinsippene er beskrevet i kapittel 4 i referansearkitekturen. ,,Nasjonale faglige råd,Teknisk,Eksisterer,Pasientens kritiske informasjon,Helsedirektoratet,"Referansearkitektur for datadeling, se kap 4.3 og 4.4",https://www.helsedirektoratet.no/faglige-rad/referansearkitektur-for-datadeling/referansearkitektur-for-datadeling.pdf/_/attachment/inline/83b90a46-dd31-46ec-80fc-bbf886c4cfa4:c6974e511e5ef3093716e9f0d93287d4fead977f/Referansearkitektur%20for%20datadeling.pdf
Krav og prinsipper ,Referansearkitektur for datadeling,,Referansearkitektur for datadeling er en av flere referansearkitekturer innen elektronisk samhandling i helse- og omsorgssektoren,,Nasjonale faglige råd,"Organisatorisk, Semantisk, Teknisk",Eksisterer,Pasientens kritiske informasjon,Helsedirektoratet,Referansearkitektur for datadeling,https://www.helsedirektoratet.no/faglige-rad/referansearkitektur-for-datadeling/referansearkitektur-for-datadeling.pdf/_/attachment/inline/83b90a46-dd31-46ec-80fc-bbf886c4cfa4:c6974e511e5ef3093716e9f0d93287d4fead977f/Referansearkitektur%20for%20datadeling.pdf
Krav og prinsipper ,Forretningsmessige arkitekturprinsipper for dokumentdeling,,"Prinsippene gir føringer for det organisatoriske nivået av dokumentdeling og handler om ansvar for bruk og publisering av dokumenter.
Prinsippene er beskrevet i kapittel 6 i målarkitekturen.",,Nasjonale faglige råd,Organisatorisk,Eksisterer,Pasientens journaldokumenter,Helsedirektoratet,"Målarkitektur for dokumentdeling, se kap. 6.1",https://www.helsedirektoratet.no/faglige-rad/malarkitektur-for-dokumentdeling/malarkitektur-for-dokumentdeling.pdf/_/attachment/inline/189c3c04-6baa-4007-90a5-fb49312d9e1e:e327395240bcaadedde5a2daff935836ccb888b8/Målarkitektur%20for%20dokumentdeling.pdf
Samhandlingskomponent ,Dokumentregister (Document Registry),,"En fellestjeneste i en dokumentdelingsløsning som inneholder alle søkbare metadata om dokumentene inkludert, en peker til det dokumentlageret hvor dokumentet er lagret. Registeret tilbyr søk til alle konsumerende virksomheter. I tillegg tilbyr det et grensesnitt for registering av metadata om et dokument.",,,Teknisk,Eksisterer,Pasientens journaldokumenter,Det enkelte samarbeidsområdet,Målarkitektur for dokumentdeling,https://www.helsedirektoratet.no/faglige-rad/malarkitektur-for-dokumentdeling/malarkitektur-for-dokumentdeling.pdf/_/attachment/inline/189c3c04-6baa-4007-90a5-fb49312d9e1e:e327395240bcaadedde5a2daff935836ccb888b8/Målarkitektur%20for%20dokumentdeling.pdf
Samhandlingskomponent ,Koblingspunkt for lokalt/regionalt samarbeidsområde (Clinical Affinity Domain / XCA Gateway),,Koblingspunkt som gjør det mulig for andre samarbeidsområder å spørre om og hente dokumenter.,,,Teknisk,Eksisterer,Pasientens journaldokumenter,Det enkelte samarbeidsområdet,Målarkitektur for dokumentdeling,https://www.helsedirektoratet.no/faglige-rad/malarkitektur-for-dokumentdeling/malarkitektur-for-dokumentdeling.pdf/_/attachment/inline/189c3c04-6baa-4007-90a5-fb49312d9e1e:e327395240bcaadedde5a2daff935836ccb888b8/Målarkitektur%20for%20dokumentdeling.pdf
Informasjonsmodell ,Rekvirering av medisinske tjenester v1.6,,Melding for rekvirering av tjenester innen radiologi og laboratoriemedisin,,Obligatorisk standard,Semantisk,Eksisterer,Pasientens prøvesvar,Helsedirektoratet,Rekvirering av medisinske tjenester v1.6,https://www.helsedirektoratet.no/standarder/rekvirering-av-medisinske-tjenester-v1.6
Informasjonsmodell ,Nasjonal informasjonsmodell for oppsummerende pasientopplysninger,,"Helsedirektoratet arbeider med å beskrive overordnet struktur og innhold for ulike typer helseinformasjon, uavhengig av formål og teknisk løsning.",,,Semantisk,Under utvikling,Pasientens kritiske informasjon,Helsedirektoratet,Nasjonal informasjonsmodell for oppsummerende pasientopplysninger,https://www.helsedirektoratet.no/horinger/nasjonal-informasjonsmodell-helse-nim-for-oppsummerende-helseopplysninger
Informasjonsmodell ,M25.1 Legemidler i bruk (Pasientens legemiddelliste),,Meldingsstandard for legemidler i bruk (pasientens legemiddelliste). Dette er beskrevet i M25-meldingsstandardene. Dokumentasjonen inneholder informasjonsmodellen for legemidler i bruk. ,,,Semantisk,,Pasientens legemiddelliste,Helsedirektoratet,Legemidler i bruk (Pasientens legemiddelliste),https://www.helsedirektoratet.no/standarder/m25.1-legemidler-i-bruk
Informasjonsmodell ,Informasjonsmodell for FEST-katalogen,,"Beskrivelse av informasjonsinnholdet i forskrivnings- og ekspedisjonsstøtte (FEST). Se også ""FEST Implementeringsveiledning"" Fra Direktoratet for medisinske produkter. ",,,Semantisk,Eksisterer,Pasientens legemiddelliste,Helsedirektoratet,Informasjonsmodell for FEST-katalogen,https://www.helsedirektoratet.no/standarder/m30-fest-meldingen
Informasjonsmodell ,Svarrapportering av medisinske tjenester v1.4,,"Standard som beskriver den overordnede informasjonsmodellen for elektronisk svarrapportering av medisinske tjenester, og dekker laboratoriesvar og radiologisvar. Standarden brukes ikke selvstendig, kun gjennom profiler, som angitt i lenken.",,Obligatorisk standard,Semantisk,Eksisterer,Pasientens prøvesvar,Helsedirektoratet,Svarrapportering av medisinske tjenester v.1.4,https://www.helsedirektoratet.no/standarder/svarrapportering-av-medisinske-tjenester-v1.4
Informasjonsmodell ,Nasjonal informasjonsmodell for overfølsomhetsreaksjoner,,Informasjonsmodellen beskriver informasjon som er viktig å dele for å ivareta pasientsikkerhet ved overfølsomhetsreaksjoner. Informasjonsmodellen er en del av Nasjonal informasjonsmodell for oppsummerende pasientopplysninger. ,,,Semantisk,Under utvikling,"Pasientens kritiske informasjon, Pasientens legemiddelliste",Helsedirektoratet,Høringsutkast nasjonal informasjonsmodell for oppsummerende pasientopplysninger,https://www.helsedirektoratet.no/horinger/nasjonal-informasjonsmodell-helse-nim-for-oppsummerende-helseopplysninger
Krav og prinsipper ,Informasjons- og sikkerhetsprinsipper for dokumentdeling,,"Prinsippene gir føringer for informasjonssikkerhet og det semantiske nivået av dokumentdeling og handler om ivaretakelse av informasjonssikkerhet, bruk av metadata og versjonshåndtering. Prinsippene er beskrevet i kapittel 6 i målarkitekturen.",,Nasjonale faglige råd,Semantisk,Eksisterer,Pasientens journaldokumenter,Helsedirektoratet,"Målarkitektur for dokumentdeling, se kap 6.1",https://www.helsedirektoratet.no/faglige-rad/malarkitektur-for-dokumentdeling/malarkitektur-for-dokumentdeling.pdf/_/attachment/inline/189c3c04-6baa-4007-90a5-fb49312d9e1e:e327395240bcaadedde5a2daff935836ccb888b8/Målarkitektur%20for%20dokumentdeling.pdf
Krav og prinsipper ,Tekniske arkitekturprinsipper for dokumentdeling,,Prinsippene gir føringer for det tekniske nivået av dokumentdeling og handler om tilgjengelighet og bruk av tekniske standarder og infrastruktur. Prinsippene er beskrevet i kapittel 6 i målarkitekturen.,,Nasjonale faglige råd,Teknisk,Eksisterer,Pasientens journaldokumenter,Helsedirektoratet,"Målarkitektur for dokumentdeling, se kap. 6.1",https://www.helsedirektoratet.no/faglige-rad/malarkitektur-for-dokumentdeling/malarkitektur-for-dokumentdeling.pdf/_/attachment/inline/189c3c04-6baa-4007-90a5-fb49312d9e1e:e327395240bcaadedde5a2daff935836ccb888b8/Målarkitektur%20for%20dokumentdeling.pdf
Krav og prinsipper ,Referansearkitektur for dokumentdeling,,Dette dokumentet beskriver nasjonal referansearkitektur for dokumentdeling innen helse- og omsorgstjenesten.,,Nasjonale faglige råd,"Organisatorisk, Teknisk",Eksisterer,Pasientens journaldokumenter,Helsedirektoratet,Referansearkitektur for dokumentdeling,https://www.helsedirektoratet.no/faglige-rad/referansearkitektur-for-dokumentdeling/referansearkitektur-for-dokumentdeling.pdf/_/attachment/inline/d369a467-bf63-418e-8edc-38bf248d9759:a34bebf1afe17bbf5b70dc44edc82510d2c14ec3/Referansearkitektur%20for%20dokumentdeling.pdf
Krav og prinsipper ,Målarkitektur for nasjonal dokumentdeling,,"Målarkitekturen har som målsetning å sikre nasjonal dokumentoversikt for alle pasienter, hvor pasienten selv eller personer med fullmakt, samt personell med tjenstlig behov, kan få innsyn i dokumentene.",,Nasjonale faglige råd,"Organisatorisk, Semantisk, Teknisk",Eksisterer,Pasientens journaldokumenter,Helsedirektoratet,Målarkitektur for dokumentdeling,https://www.helsedirektoratet.no/faglige-rad/malarkitektur-for-dokumentdeling/malarkitektur-for-dokumentdeling.pdf/_/attachment/inline/189c3c04-6baa-4007-90a5-fb49312d9e1e:e327395240bcaadedde5a2daff935836ccb888b8/Målarkitektur%20for%20dokumentdeling.pdf
Krav og prinsipper ,Retningslinjer for logging ved data- og dokumentdeling,,"Dokumentet beskriver formål med logging, hvilke hendelser som skal logges og hva som er kravene til logging.",,Nasjonale faglige råd,"Organisatorisk, Semantisk",Eksisterer,Pasientens journaldokumenter,Helsedirektoratet,Retningslinjer for logging ved data- og dokumentdeling,https://www.helsedirektoratet.no/faglige-rad/retningslinjer-for-logging-ved-data-og-dokumentdeling/retningslinjer-for-logging-ved-data-og-dokumentdeling.pdf/_/attachment/inline/185603dd-9566-4af2-aabf-6a1d032d43cb:bd0e782aa48d6dac7d1c5c23b94eda33e5779fc0/Retningslinjer%20for%20logging%20ved%20data-%20og%20dokumentdeling.pdf
Krav og prinsipper ,Krav til sikkerhetsbillett ved deling av helseopplysninger,,Felles tillitsmodell vil spesifisere hvilken informasjon som skal være med i sikkerhetsbilletten ved bruk av data- eller dokumentdeling. Aktører som tar i bruk data- eller dokumentdeling må kunne håndtere denne informasjonen. Norsk helsenett er ansvarlig for utviklingen,,Nasjonale faglige råd,"Semantisk, Teknisk",Under utvikling,Pasientens journaldokumenter,Norsk helsenett (NHN),Krav til sikkerhetsbillett ved deling av helseopplysninger,https://www.helsedirektoratet.no/faglige-rad/krav-til-sikkerhetsbillett-ved-deling-av-helseopplysninger/krav-til-sikkerhetsbillett-ved-deling-av-helseopplysninger.pdf/_/attachment/inline/0cba9fd9-6f06-4468-9207-8e02b3d16bfb:c27baa323183b22c18d6fce29167bd0ace623525/Krav%20til%20sikkerhetsbillett%20ved%20deling%20av%20helseopplysninger%20.pdf
Krav og prinsipper ,Anbefaling av tillitsmodell for data- og dokumentdeling,,Rapporten fokuserer på tilgangsstyring i data- og dokumentdeling på tvers av virksomheter og personell. Den anbefaler en tillitsmodell og overordnede prinsipper som skal gjelde for tilgangsstyring på tvers av virksomheter. Anbefalingen inkluderer også videre steg for å realisere tillitsmodellen.,,,Organisatorisk,Eksisterer,"Pasientens journaldokumenter, Pasientens kritiske informasjon, Pasientens prøvesvar, Pasientens legemiddelliste",Helsedirektoratet,Anbefaling av tillitsmodell for data- og dokumentdeling,https://www.helsedirektoratet.no/rapporter/anbefaling-av-tillitsmodell-for-data-og-dokumentdeling/anbefaling-av-tillitsmodell-for-data-og-dokumentdeling.pdf/_/attachment/inline/1691ec4d-7332-4121-84b4-d8096727a9db:b1a5bb9014e31fd609fc3bd3e5e38ee28d5e207a/Anbefaling%20av%20tillitsmodell%20for%20data-%20og%20dokumentdeling.pdf
Krav og prinsipper ,Begrepsdefinisjoner for tilgangsbegrensning mv. i behandlingsrettede helseregistre,,"Formålet med begrepsdefinisjonene er enhetlig bruk av begreper for tilgangsbegrensning i behandlingsrettede helseregistre, herunder EPJ-systemer og nasjonale e?helseløsninger.",,,"Organisatorisk, Semantisk",Eksisterer,Pasientens prøvesvar,Helsedirektoratet,Begrepsdefinisjoner for tilgangsbegrensning mv. i behandlingsrettede helseregistre,https://www.ehelse.no/standardisering/standarder/Begrepsdefinisjoner%20for%20tilgangsbegrensning%20mv.%20i%20behandlingsrettede%20helseregistre
Krav og prinsipper ,Veileder for åpne API i helse- og omsorgsektoren,,"Veilederen gir føringer og anbefalinger om hva som definerer et API som åpent. Dette gjør det enklere for sektoren å gjøre sine API åpne for andre, sette krav om åpne API ved bestillinger til leverandører og gjør det lettere for leverandører å markedsføre produktene sine med åpne API",,,"Organisatorisk, Teknisk",Eksisterer,"Pasientens kritiske informasjon, Pasientens legemiddelliste",Helsedirektoratet,Veileder for åpne API i helse- og omsorgsektoren,https://www.helsedirektoratet.no/rapporter/veileder-for-apne-api-i-helse-og-omsorgssektoren/Veileder%20for%20%C3%A5pne%20API%20i%20helse-%20og%20omsorgssektoren%20HITR-1229-2020.pdf/_/attachment/inline/61f9030b-6da9-45d9-bfec-e948a3883f75:9927bb092a892ff3f0f80cf4f6d5a41980cacdd1/Veileder%20for%20%C3%A5pne%20API%20i%20helse-%20og%20omsorgssektoren%20HITR-1229-2020.pdf
Krav og prinsipper ,Veileder om internasjonale standarder på legemiddelområdet,,Dokumentet beskriver hvilke internasjonale standarder på legemiddelområdet som bør brukes til ulike formål og hvilke tiltak som bør gjennomføres for å sikre at standardene blir tatt i bruk på en enhetlig måte.,,,"Organisatorisk, Semantisk",Eksisterer,Pasientens legemiddelliste,Helsedirektoratet,Veileder om internasjonale standarder på legemiddelområdet,https://www.helsedirektoratet.no/rapporter/internasjonale-standarder-for-legemiddelinformasjon/Internasjonale%20standarder%20for%20legemiddelinformasjon%20(HITR%201245_2022).pdf/_/attachment/inline/78878ca9-d1ee-47d3-84e8-6c46782eb8d7:71f70efce58555a635c49180e19c88c43e983735/Internasjonale%20standarder%20for%20legemiddelinformasjon%20(HITR%201245_2022).pdf
Kodeverk og terminologi ,Norsk patologikodeverk,,"Norsk patologikodeverk (NORPAT) er et kodeverk som blir benyttet ved patologilaboratorier, innen rettspatologi, i biobankarbeid og for innrapportering til Kreftregisteret. Kodeverket inneholder også et uttrekk koder for aktivitetsregistrering (APAT).",,Anbefalt standard,Semantisk,Eksisterer,Pasientens prøvesvar,Helsedirektoratet,Norsk patologikodeverk,https://www.helsedirektoratet.no/standarder/norsk-patologikodeverk-norpat
Kodeverk og terminologi ,Norsk laboratoriekodeverk (NLK),,"Norsk laboratoriekodeverk (NLK) baserer seg på den internasjonale NPU-terminologien (NPU: Nomenclature for Properties and Units) som omfatter koder og terminoloigi for laboratorieundersøkelser i helse- og omsorgstjenesten. NLK er anbefalt nasjonal standard for kommunikasjon av laboratorieanalyser til rekvirenter både i spesialist- og primærhelsetjenesten. I tillegg til NLK, finnes de nasjonale kodeverkene Prøvemateriale, Anatomisk lokalisasjon, Tekstlige resultatverdier og Undersøkelsesmetode. Disse brukes som supplerende informasjon til NLK i meldingsutveksling.",,Anbefalt standard,Semantisk,Eksisterer,Pasientens prøvesvar,Helsedirektoratet,Norsk laboratoriekodeverk,https://www.helsedirektoratet.no/standarder/norsk-laboratoriekodeverk-nlk
Kodeverk og terminologi ,Norsk klassifikasjon av radiologiske prosedyrer (NCRP),,Kodeverk for radiologi og nukleærmedisin. Kodeverket skal brukes for å dokumentere og skal kunne brukes for å bestille radiologiske tjenester.,,Obligatorisk standard,Semantisk,Eksisterer,Pasientens prøvesvar,Helsedirektoratet,NCRP: Norsk klassifikasjon av radiologiske prosedyrer,https://www.helsedirektoratet.no/digitalisering-og-e-helse/helsefaglige-kodeverk/nkpk
Teknisk samhandlingsform ,Samhandlingsform: Portaltilgang,,"Tilgang til fellesløsning eller løsning i en annen virksomhet, for eksempel gjennom en portal med innlogging.",,,Teknisk,Eksisterer,"Pasientens journaldokumenter, Pasientens kritiske informasjon, Pasientens prøvesvar",Helsedirektoratet,Oversikt over tekniske samhandlingsformer,https://www.helsedirektoratet.no/digitalisering-og-e-helse/nasjonal-arkitektur/oversikt-over-digitale-samhandlingsformer#tekniskesamhandlingsformer
Teknisk samhandlingsform ,Samhandlingsform: Datadeling,,Deling av data mellom helseaktører og med innbygger gjennom felles ressurser eller tjenester i sanntid. For eksempel kan API-er benyttes for å dele strukturerte data.,,,Teknisk,Eksisterer,"Pasientens kritiske informasjon, Pasientens prøvesvar, Pasientens legemiddelliste",Helsedirektoratet,Oversikt over tekniske samhandlingsformer,https://www.helsedirektoratet.no/digitalisering-og-e-helse/nasjonal-arkitektur/oversikt-over-digitale-samhandlingsformer#tekniskesamhandlingsformer
Teknisk samhandlingsform ,Samhandlingsform: Meldingsutveksling,,Elektronisk meldingsutveksling innebærer overføring og mottak av strukturerte data fra og til kjente avsendere og mottakere og kan benyttes i den organisatoriske samhandlingsformen sende og motta.,,,Teknisk,Eksisterer,Pasientens prøvesvar,Helsedirektoratet,Oversikt over tekniske samhandlingsformer,https://www.helsedirektoratet.no/digitalisering-og-e-helse/nasjonal-arkitektur/oversikt-over-digitale-samhandlingsformer#tekniskesamhandlingsformer
Teknisk samhandlingsform ,Samhandlingsform: Dokumentdeling,,"Dokumentdeling omhandler deling av godkjente, lesbare dokumenter, inkludert bilder, gjennom felles infrastruktur/tjenester. Der kan en 
konsument søke etter tilgjengelige dokumenter om en gitt pasient hos andre virksomheter og få tilgang til dokumentene. ",,,Teknisk,Eksisterer,Pasientens journaldokumenter,Helsedirektoratet,Oversikt over tekniske samhandlingsformer,https://www.helsedirektoratet.no/digitalisering-og-e-helse/nasjonal-arkitektur/oversikt-over-digitale-samhandlingsformer#tekniskesamhandlingsformer
Informasjonslager ,Dokumentlager (Document Repository),,"Tjeneste i dokumentdelingsløsninger som tilbyr oppbevaring, henting og tilgjengeliggjøring av dokumenter. Hvert samarbeidsområde må minst ha ett dokumentlager, men kan også ha flere.",,,Teknisk,Eksisterer,Pasientens journaldokumenter,Det enkelte samarbeidsområdet,Målarkitektur for dokumentdeling,https://www.helsedirektoratet.no/faglige-rad/malarkitektur-for-dokumentdeling/malarkitektur-for-dokumentdeling.pdf/_/attachment/inline/189c3c04-6baa-4007-90a5-fb49312d9e1e:e327395240bcaadedde5a2daff935836ccb888b8/Målarkitektur%20for%20dokumentdeling.pdf
Samhandlingskomponent ,Nasjonalt koblingspunkt (Clinical Affinity Domain / XCA Gateway),,Koblingspunkt som gjør det mulig for lokale/regionale koblingspunkter å spørre om og hente dokumenter på tvers av samarbeidsområder uten å kontakte de ulike koblingspunktene direkte.,,,Teknisk,Eksisterer,Pasientens journaldokumenter,Det enkelte samarbeidsområdet,Målarkitektur for dokumentdeling,https://www.helsedirektoratet.no/faglige-rad/malarkitektur-for-dokumentdeling/malarkitektur-for-dokumentdeling.pdf/_/attachment/inline/189c3c04-6baa-4007-90a5-fb49312d9e1e:e327395240bcaadedde5a2daff935836ccb888b8/Målarkitektur%20for%20dokumentdeling.pdf
Samhandlingskomponent ,Innbygger-STS (Secure Token Service),,Komponent som beskriver hvilken innloggingsløsning innbygger har valgt å bruke,,,Teknisk,Eksisterer,Pasientens kritiske informasjon,Norsk helsenett (NHN),Målarkitektur for datadeling i helse- og omsorgssektoren,https://www.helsedirektoratet.no/faglige-rad/malarkitektur-for-datadeling-i-helse-og-omsorgssektoren/malarkitektur-for-datadeling-i-helse-og-omsorgssektoren.pdf/_/attachment/inline/c896939e-1556-4a68-ad79-fb218d6370eb:37a01f4b4eb932b51b3cd8d50d9b8b02a2555732/Målarkitektur%20for%20datadeling%20i%20helse-%20og%20omsorgssektoren.pdf
Organisatorisk samhandlingsform ,Samhandlingsform: Endre og dele,,"Endre og dele benyttes når det er viktig å ha en felles kilde til informasjonen, som kan oppdateres av ulike aktører.
",,,Organisatorisk,Eksisterer,"Pasientens kritiske informasjon, Pasientens legemiddelliste",Helsedirektoratet,Oversikt over organisatoriske samhandlingsformer,https://www.helsedirektoratet.no/digitalisering-og-e-helse/nasjonal-arkitektur/oversikt-over-digitale-samhandlingsformer#organisatoriskesamhandlingsformer
Organisatorisk samhandlingsform ,Samhandlingsform: Slå opp og tilgjengeliggjøre,,"Slå opp og tilgjengeliggjøre støtter samhandlingstjenester hvor det er behov for å tilgjengeliggjøre informasjon fra en bruker til flere andre ikke navngitte brukere. De kan da slå opp gjennom avtalte kanaler og tilegne seg denne informasjonen når de har behov for det, uavhengig av når den ble tilgjengeliggjort.",,,Organisatorisk,Eksisterer,"Pasientens journaldokumenter, Pasientens prøvesvar",Helsedirektoratet,Oversikt over organisatoriske samhandlingsformer,https://www.helsedirektoratet.no/digitalisering-og-e-helse/nasjonal-arkitektur/oversikt-over-digitale-samhandlingsformer#organisatoriskesamhandlingsformer
Informasjonsmodell ,Metadata for dokumentdeling (IHE XDS metadata),,Norsk profil for IHE XDS metadata. Formålet med profilen er å understøtte mest mulig lik implementering av XDS i Norge og skape en felles forståelse for hvilke metadata som kan gjøres tilgjengelig.,,Anbefalt standard,Semantisk,Eksisterer,Pasientens journaldokumenter,Helsedirektoratet,Norsk profil for IHE XDS.b,https://www.helsedirektoratet.no/standarder/ihe-xds-metadata
Faktaark ,Testing og testdata (faktaark 43),,"Formålet med faktaarket er å sikre konfidensialitet, integritet, tilgjengelighet og kvalitet når testdata brukes i utvikling og test av IT-systemer med helse- og personopplysninger.",,,,Eksisterer,"Pasientens journaldokumenter, Pasientens kritiske informasjon, Pasientens legemiddelliste, Pasientens måledata",Normen,Testing og testdata (faktaark 43),https://www.helsedirektoratet.no/normen/testing-og-testdata-faktaark-43
Faktaark ,Sikkerhetskrav og sikkerhetsdokumentasjon i IKT-prosjekter (faktaark 37),,"Formålet er å sikre tilfredsstillende informasjonssikkerhet og god sikkerhetsdokumentasjon i prosjekter som skal endre eller innføre nye IKT-løsninger. Påse at sikkerhetsløsninger og -dokumentasjon overføres til driftsmiljøet ved endt prosjekt. 

Prosjektleder vil normalt få delegert ansvar fra dataansvarlig for å påse at prosjekter gjennomføres med tilfredsstillende informasjonssikkerhet. Gjennomføres fra prosjekter planlegges/startes opp og til de overføres til ordinær drift.

Alle prosjekter som skal innføre/endre/utvide en IKT-løsning som inkluderer behandling av helse- og personopplysninger.",,,,Eksisterer,"Pasientens journaldokumenter, Pasientens kritiske informasjon, Pasientens legemiddelliste, Pasientens måledata",Normen,Sikkerhetskrav og sikkerhetsdokumentasjon i IKT-prosjekter (faktaark 37),https://www.helsedirektoratet.no/normen/sikkerhetskrav-og-sikkerhetsdokumentasjon-i-ikt-prosjekter-faktaark-37
Faktaark ,Bruk av databehandler (faktaark 10),,Faktaarket skal sikre at helse- og personopplysninger ikke skal behandles på annen måte enn det som er avtalt med databehandlingsansvarlig.,,,,Eksisterer,"Pasientens journaldokumenter, Pasientens måledata",Normen,Bruk av databehandler (faktaark 10),https://www.helsedirektoratet.no/normen/bruk-av-databehandler-faktaark-10
Faktaark ,Sperret adresse i folkeregisteret (faktaark 55),,"Faktaarkets formål er å bidra til at helse- og omsorgssektoren opprettholder beskyttelse for trusselutsatte. Adressesperre i Folkeregisteret er et tiltak for å beskytte trusselutsatte personer, dvs. personer som står i fare for å bli utsatt for alvorlig kriminalitet rettet mot liv, helse eller frihet. Typiske eksempler er vitner, informanter og personer som har blitt eller er utsatt for vold og trusler.",,,,Eksisterer,"Pasientens journaldokumenter, Pasientens kritiske informasjon, Pasientens prøvesvar, Pasientens legemiddelliste, Pasientens måledata",Normen,Sperret adresse i folkeregisteret (faktaark 55),https://www.helsedirektoratet.no/normen/trusselutsatte-personer-med-adressesperre-faktaark-55
Faktaark ,Kommunikasjon over åpne nett (faktaark 24),,Faktaarkets formål er å beskrive tiltak som skal ivareta tilfredsstillende sikkerhet ved elektronisk kommunikasjon av helse- og personopplysninger over åpne nett.,,,"Organisatorisk, Teknisk",Eksisterer,"Pasientens journaldokumenter, Pasientens kritiske informasjon, Pasientens prøvesvar, Pasientens legemiddelliste, Pasientens måledata",Normen,Kommunikasjon over åpne nett (faktaark 24),https://www.helsedirektoratet.no/normen/kommunikasjon-over-apne-nett-faktaark-24
Faktaark ,Sikkerhets- og samhandlingsarkitektur ved tilgang til helseopplysninger mellom virksomheter (faktaark 20c),,Faktaarkets formål er å standardisere virksomhetens sikkerhetsfunksjoner og etablere tilfredsstillende sikkerhet ved elektronisk samhandling med andre aktører i helse- og sosialsektoren.,,,"Organisatorisk, Teknisk",Eksisterer,"Pasientens journaldokumenter, Pasientens kritiske informasjon, Pasientens prøvesvar, Pasientens legemiddelliste, Pasientens måledata",Normen,Sikkerhets- og samhandlingsarkitektur ved tilgang til helseopplysninger mellom virksomheter (faktaark 20c),https://www.helsedirektoratet.no/normen/sikkerhets-og-samhandlingsarkitektur-ved-tilgang-til-helseopplysninger-mellom-virksomheter-faktaark-20c
Faktaark ,Tilgangsstyring (faktaark 14),,"Formålet med faktaarket er å gi en oversikt over krav til tilgangsstyring. Tilgangsstyring innebærer å sikre at helse- og personopplysninger bare er tilgjengelig etter tjenstlig behov ved at brukere blir autentisert på en betryggende måte og at tilgang blir tildelt, administrert, kontrollert og fjernet.",,,"Organisatorisk, Teknisk",Eksisterer,"Pasientens journaldokumenter, Pasientens kritiske informasjon, Pasientens prøvesvar, Pasientens legemiddelliste, Pasientens måledata",Normen,Tilgangsstyring (faktaark 14),https://www.helsedirektoratet.no/normen/tilgangsstyring-faktaark-14
Faktaark ,Logging og innsyn i logg (faktaark 15),,Formålet med faktaarket er å gi veiledning til hvordan virksomheten bør gå frem for å etterleve Normens krav til logging og loggoppfølging. Faktaarket tar også for seg prosessen for innsyn i logg fra behandlingsrettet helseregister. ,,,"Organisatorisk, Teknisk",Eksisterer,"Pasientens journaldokumenter, Pasientens kritiske informasjon, Pasientens prøvesvar, Pasientens legemiddelliste, Pasientens måledata",Normen,Logging og innsyn i logg (faktaark 15),https://www.helsedirektoratet.no/normen/logging-og-innsyn-i-logg-faktaark-15
Veileder ,Veileder i digital pasientkommunikasjon,,Veilederen gir informasjon til etterlevelse av kravene om tekniske og administrative tiltak ved etablering av løsninger for pasientkommunikasjon.,,,Organisatorisk,Eksisterer,"Pasientens journaldokumenter, Pasientens måledata",Normen,Veileder i digital pasientkommunikasjon,https://www.helsedirektoratet.no/normen/digital-pasientkommunikasjon
Veileder ,Veileder om risikostyring i informasjonssikkerhet og personvern,,"Denne veilederen skal gi veiledning til, og bidra til etterlevelse av, kravene i Normen knyttet til risikostyring.",,,,Eksisterer,"Pasientens journaldokumenter, Pasientens kritiske informasjon, Pasientens prøvesvar, Pasientens legemiddelliste, Pasientens måledata",Normen,Veileder om risikostyring i informasjonssikkerhet og personvern,https://www.helsedirektoratet.no/normen/risikostyring-for-informasjonssikkerhet-og-personvern
Veileder ,Veileder for rettigheter ved behandling av helse og personopplysninger,,Gir virksomheter i helse- og omsorgstjenesten veiledning i hvordan de registrertes rettigheter kan ivaretas herunder pasienters rettigheter som registrerte.,,,,Eksisterer,"Pasientens journaldokumenter, Pasientens kritiske informasjon, Pasientens prøvesvar, Pasientens legemiddelliste, Pasientens måledata",Normen,Veileder for rettigheter ved behandling av helse og personopplysninger,https://www.helsedirektoratet.no/normen/rettigheter-ved-behandling-av-helse-og-personopplysninger#10.2.3%20Behandling%20av%20helseopplysninger%20i%20Nasjonal%20kjernejournal
Veileder ,Veileder for tilgang til helse- og personopplysninger,,Gir veiledning til og bidrar til etterlevelse av kravene Normen stiller til etablering av tilfredsstillende tilgangsstyring innad i virksomheten.,,,Organisatorisk,Eksisterer,"Pasientens journaldokumenter, Pasientens kritiske informasjon, Pasientens prøvesvar, Pasientens legemiddelliste, Pasientens måledata",Normen,Veileder for tilgang til helse- og personopplysninger,https://www.helsedirektoratet.no/normen/tilgang-til-helse-og-personopplysninger
Lov ,Helsepersonelloven,,Loven setter krav til helsepersonells yrkesutøvelse og krav til virksomheter som yter helsehjelp. Den omfatter blant annet bestemmelser om taushetsplikt og krav til forsvarlighet.,Pasientens journaldokumenter: For samhandlingstjenesten pasientens journaldokumenter er det særlig helsepersonelloven § 45 som er relevant. Bestemmelsen er et unntak fra taushetsplikten som fastslår rett og plikt til å gjøre nødvendige og relevante opplysninger tilgjengelige for helsepersonell som trenger dem i forbindelse med helsehjelp. Det er helsepersonellet eller virksomheten som tilgjengeliggjør opplysningene for andre som har ansvaret for at vilkårene for å tilgjengeliggjøringen er oppfylt. Pasientens måledata: For samhandlingstjenesten pasientens måledata er det særlig helsepersonelloven § 45 som er relevant. Bestemmelsen er et unntak fra taushetsplikten som fastslår rett og plikt til å gjøre nødvendige og relevante opplysninger tilgjengelige for helsepersonell som trenger dem i forbindelse med helsehjelp. Det er helsepersonellet eller virksomheten som tilgjengeliggjør opplysningene for andre som har ansvaret for at vilkårene for å tilgjengeliggjøringen er oppfylt.,,Juridisk,Eksisterer,"Pasientens journaldokumenter, Pasientens kritiske informasjon, Pasientens prøvesvar, Pasientens legemiddelliste, Pasientens måledata",Helse- og omsorgsdepartementet,Lov om helsepersonell m.v. (helsepersonelloven) (lovdata.no),https://lovdata.no/dokument/NL/lov/1999-07-02-64?q=helsepersonelloven
Lov ,Pasientjournalloven,,"Både personopplysningsloven (personvernforordningen), pasientjournalloven og til dels pasient- og brukerrettighetsloven regulerer behandling av person- og helseopplysninger. Pasientjournalloven er den sentrale loven når det gjelder regulering av virksomhetenes behandling av helseopplysninger i forbindelse med ytelse av helsehjelp","Pasientens journaldokumenter: Samhandlingstjenesten pasientens journaldokumenter gir helsepersonell med tjenstlig behov innsyn i utvalgte dokumenter på tvers av helsevirksomheter. Dokumentene tilgjengeliggjøres via kjernejournal på bakgrunn av informasjonselementet referanser til ytterligere informasjon i kjernejournal, men selve dokumentene er ikke en del av kjernejournal. Det er derfor særlig §§ 13 om nasjonal kjernejournal og 19 om helseopplysninger ved helsehjelp som er relevante for denne samhandlingstjenesten. Regelverket som regulerer kjernejournal setter den ytre ramme for dokumentdelingen, herunder til hvilket formål det kan gjøres oppslag til. Det rettslige grunnlaget for å gi helsepersonellet innsyn i selve dokumentene er pasientjournalloven § 19, jf. helsepersonelloven § 45. § 19 fastsetter blant annet at helsevirksomheter, innen rammen av taushetsplikten, plikter å sørge for at relevante og nødvendige opplysninger er tilgjengelige for helsepersonell som trenger dem for å ute helsehjelp. Det er imidlertid virksomheten som bestemmer hvordan opplysningene skal gjøres tilgjengelige, og det er et krav at dette gjøres på en måte som tilfredsstiller informasjonssikkerheten. For virksomheter som tilgjengeliggjør dokumenter i samhandlingstjenesten pasientens journaldokumenter, har disse virksomhetene valgt å benytte denne tjenesten som metode for å tilgjengeliggjøre de aktuelle dokumentene. Det er virksomheten som tilgjengeliggjør, som har ansvaret for at vilkårene for tilgjengeliggjøringen er oppfylt. Pasientens legemiddelliste: Pasientens legemiddelliste kan inngå i Reseptformidleren.&nbsp;Rettslig grunnlag for Reseptformidleren er pasientjournalloven § 12. Pasientens kritiske informasjon: For informasjonstjenesten Pasientens kritiske informasjon er hovedvilkåret for tilgang at helsepersonell må ha &quot;tjenstlig behov&quot; for pasientens kritiske opplysninger. Kravet til tjenstlig behov fremgår av pasientjournalloven § 13 fjerde ledd. Bestemmelsen er et unntak fra lovbestemt taushetsplikt og gjør det lovlig å tilegne seg helseopplysninger fra kjernejournal gjennom tjenesten Pasientens kritiske informasjon. I tillegg til kravet til tjenstlig behov, må helsepersonell som hovedregel innhente pasientens samtykke for å kunne gjøre oppslag i den konkrete kjernejournalen. Pasientens måledata: Både personopplysningsloven (personvernforordningen), pasientjournalloven og til dels pasient- og brukerrettighetsloven regulerer behandling av person- og helseopplysninger. Pasientjournalloven er den sentrale loven når det gjelder regulering av virksomhetenes behandling av helseopplysninger i forbindelse med ytelse av helsehjelp. Tiltaket Pasientens måledata skal samle og tilgjengeliggjøre medisinske måledata for pasienter som er i behandling og har tett oppfølging av ulike aktører på tvers av helse- og omsorgstjenesten. Tjenesten skal sikre helsepersonell enkel tilgang til oppdatert informasjon om pasientens status og dermed skape bedre informasjonsflyt på tvers av helsepersonell og ulike helsevirksomheter som samarbeider om en pasient.Det rettslige grunnlaget for å tilgjengeliggjøre måledata er pasientjournalloven § 19 jf. helsepersonelloven § 45. Etter pasientjournalloven § 19 skal helsevirksomheter, innen rammen av taushetsplikten, sørge for at relevante og nødvendige opplysninger er tilgjengelige for helsepersonell som trenger dem for å yte helsehjelp. Det er virksomheten som bestemmer hvordan opplysningene skal gjøres tilgjengelige, og det er et krav at dette gjøres på en måte som tilfredsstiller informasjonssikkerheten.",,Juridisk,Eksisterer,"Pasientens journaldokumenter, Pasientens kritiske informasjon, Pasientens prøvesvar, Pasientens legemiddelliste, Pasientens måledata",Helse- og omsorgsdepartementet,Lov om behandling av helseopplysninger ved ytelse av helsehjelp (pasientjournalloven) (lovdata.no),https://lovdata.no/dokument/NL/lov/2014-06-20-42?q=pasientjournalloven
Lov ,Proposal for a Regulation on the European Health Data Space,,EHDS-forordningen gir rammer for helhetlig informasjonsforvaltning på tvers av primær- og sekundærbruk av helsedata.,,,Juridisk,Under utvikling,Pasientens kritiske informasjon,EU-kommisjonen,Proposal for a Regulation on the European Health Data Space (PDF) (consilium.europa.eu),https://www.consilium.europa.eu/media/70909/st07553-en24.pdf
Kodeverk og terminologi ,Begrepsdefinisjoner for tilgangsbegrensning mv. i behandlingsrettede helseregistre,,"Formålet med begrepsdefinisjonene er enhetlig bruk av begreper for tilgangsbegrensning i behandlingsrettede helseregistre, herunder EPJ-systemer og nasjonale e?helseløsninger.",,Nasjonal veileder,Semantisk,Eksisterer,"Pasientens journaldokumenter, Pasientens prøvesvar",Helsedirektoratet,Begrepsdefinisjoner for tilgangsbegrensning mv. i behandlingsrettede helseregistre,https://www.helsedirektoratet.no/veiledere/begrepsdefinisjoner-for-tilgangsbegrensning-mv.i-behandlingsrettede-helseregistre
