informasjonstype,navn,ingress,beskrivelse,kontekstavhengig_beskrivelse,normeringsniva,eif_niva,status,samhandlingstjenester,ansvarlig,dokumenttype,referanse_lenketekst,referanse_url
krav og prinsipper,informasjons sikkerhetsprinsipper dokumentdeling,,prinsippene gir føringer informasjonssikkerhet semantiske nivået dokumentdeling handler ivaretakelse informasjonssikkerhet bruk metadata versjonshåndtering prinsippene beskrevet kapittel 6 målarkitekturen,,retningslinje,semantisk,eksisterer,pasientens journaldokumenter,helsedirektoratet,hitr,målarkitektur dokumentdeling se kap 61 ehelseno,https://www.ehelse.no/standardisering/standarder/malarkitektur-for-dokumentdeling
krav og prinsipper,tekniske arkitekturprinsipper dokumentdeling,,prinsippene gir føringer tekniske nivået dokumentdeling handler tilgjengelighet bruk tekniske standarder infrastruktur prinsippene beskrevet kapittel 6 målarkitekturen,,retningslinje,teknisk,eksisterer,pasientens journaldokumenter,helsedirektoratet,hitr,målarkitektur dokumentdeling se kap 61 ehelseno,https://www.ehelse.no/standardisering/standarder/malarkitektur-for-dokumentdeling
krav og prinsipper,referansearkitektur dokumentdeling,,dokumentet beskriver nasjonal referansearkitektur dokumentdeling innen helse omsorgstjenesten,,retningslinje,"organisatorisk, teknisk",eksisterer,pasientens journaldokumenter,helsedirektoratet,hitr,referansearkitektur dokumentdeling ehelseno,https://www.ehelse.no/standardisering/standarder/referansearkitektur-for-dokumentdeling
krav og prinsipper,målarkitektur nasjonal dokumentdeling,,målarkitekturen målsetning sikre nasjonal dokumentoversikt pasienter pasienten personer fullmakt samt personell tjenstlig behov få innsyn dokumentene,,retningslinje,"organisatorisk, semantisk, teknisk",eksisterer,pasientens journaldokumenter,helsedirektoratet,hitr,målarkitektur dokumentdeling ehelseno,https://www.ehelse.no/standardisering/standarder/malarkitektur-for-dokumentdeling
krav og prinsipper,retningslinjer logging data dokumentdeling,,dokumentet beskriver formål logging hendelser logges kravene logging,,retningslinje,"organisatorisk, semantisk",eksisterer,pasientens journaldokumenter,helsedirektoratet,hits,retningslinjer logging data dokumentdeling ehelseno,https://www.ehelse.no/standardisering/standarder/retningslinjer-for-logging-ved-data-og-dokumentdeling
krav og prinsipper,mal veiledning utfylling personvernkonsekvensvurdering dpia,,mal veiledning hjelpe dataansvarlige helse omsorgssektoren gjennomføre vurdering personvernkonsekvenser dpia,,veileder,organisatorisk,eksisterer,pasientens journaldokumenter,helsedirektoratet,hitr,mal veiledning utfylling personvernkonsekvensvurdering dpia ehelseno,https://www.ehelse.no/standardisering/standarder/mal-og-veiledning-for-utfylling-av-personvernkonsekvensvurdering-dpia
krav og prinsipper,veileder helse omsorgssektoren bruk digitaliseringsdirektoratets overordnede arkitekturprinsipper digitalisering offentlig sektor,,veileder gir tilleggsforklaringer anbefalinger helsesektoren digdirs overordnede arkitekturprinsipper lenker relevante ressurser nettsteder dokumenter,,veileder,organisatorisk,eksisterer,pasientens journaldokumenter,helsedirektoratet,hitr,veileder helse omsorgssektoren bruk digitaliseringsdirektoratets overordnede arkitekturprinsipper digitalisering offentlig sektor ehelseno,https://www.ehelse.no/standardisering/standarder/veileder-for-helse-og-omsorgssektoren-bruk-av-digitaliseringsdirektoratets-overordnede-arkitekturprinsipper-for-digitalisering-av-offentlig-sektor
krav og prinsipper,veileder bruk nsen iso 272692022 helseinformatikk oppsummerende pasientopplysninger the international patient summary,,anbefaling bruk standarden nsen iso 272692022 helseinformatikk oppsummerende pasientopplysninger the international patient summary norge,,veileder,semantisk,eksisterer,pasientens kritiske informasjon,helsedirektoratet,hitr,veileder bruk nsen iso 272692022 helseinformatikk oppsummerende pasientopplysninger the international patient summary ehelseno,https://www.ehelse.no/standardisering/standarder/veileder-om-bruk-av-ns-en-27269-helseinformatikk-oppsummerende-pasientopplysninger-ips
krav og prinsipper,retningslinjer deling kritisk informasjon,,behov veiledning standarder kodeverk tas bruk utveksling kritisk informasjon inkludert bruk internasjonale standarden international patient summary ips helsedirektoratet identifisert behov arbeid området,,,semantisk,udekkede behov,pasientens kritiske informasjon,helsedirektoratet,,,
krav og prinsipper,veileder vurdere helsepersonellgrupper få tilgang dokumenttyper,,behov standardisert måte vurdere helsepersonellgrupper få tilgang dokumenttyper f eks personell legevakt få tilgang dokumenttyper jobbes regionale utprøvingsprosjektene,,,organisatorisk,udekkede behov,pasientens journaldokumenter,,,,
krav og prinsipper,felles tilgangsregler datadeling dokumentdeling,,felles tilgangsregler krav retningslinjer viktig del felles tillitsmodell sier blant annet informasjon gis tilgang plikter gjelder under etablering regi norsk helsenett,,,organisatorisk,under utvikling,pasientens journaldokumenter,norsk helsenett nhn,,,
krav og prinsipper,krav sikkerhetsbillett deling helseopplysninger,,felles tillitsmodell spesifisere informasjon sikkerhetsbilletten bruk data dokumentdeling aktører tar bruk data dokumentdeling må håndtere informasjonen norsk helsenett ansvarlig utviklingen,,retningslinje,"semantisk, teknisk",under utvikling,pasientens journaldokumenter,norsk helsenett nhn,hits,krav sikkerhetsbillett deling helseopplysninger ehelseno,https://www.ehelse.no/standardisering/standarder/krav-til-sikkerhetsbillett-ved-deling-av-helseopplysninger
kodeverk og terminologi,fest forskrivnings ekspedisjonsstøtte,,fest datagrunnlag gir lege apotek bandasjist oppdatert informasjon alt få resept norge beriker elektroniske kurveløsninger legger grunnlag pasientrettet legemiddelinformasjon,,,,eksisterer,pasientens kritiske informasjon pasientens legemiddelliste,legemiddelverket,,fest forskrivnings ekspedisjonsstøtte legemiddelverketno,https://www.legemiddelverket.no/om-oss/distribusjon-av-legemiddeldata/fest
kodeverk og terminologi,icd10 internasjonale statistiske klassifikasjonen sykdommer beslektede helseproblemer,,klassifikasjon sykdommer beslektede helseproblemer,,obligatorisk standard,semantisk,eksisterer,pasientens prøvesvar,helsedirektoratet,,icd10 internasjonale statistiske klassifikasjonen sykdommer beslektede helseproblemer ehelseno,https://www.ehelse.no/standardisering/standarder/icd-10-den-internasjonale-statistiske-klassifikasjonen-av-sykdommer-og-beslektede-helseproblemer
kodeverk og terminologi,norsk klassifikasjon radiologiske prosedyrer ncrp,,kodeverk radiologi nukleærmedisin kodeverket brukes dokumentere brukes bestille radiologiske tjenester,,obligatorisk standard,semantisk,eksisterer,pasientens prøvesvar,helsedirektoratet,,ncrp norsk klassifikasjon radiologiske prosedyrer ehelseno,https://www.ehelse.no/kodeverk-og-terminologi/norsk-klinisk-prosedyrekodeverk-(nkpk)
kodeverk og terminologi,norsk laboratoriekodeverk nlk,,nlk felles kodeverk laboratorieanalyser utarbeidet samarbeid laboratoriefaglige miljøene fordelt 6 spesialiteter immunologi transfusjonsmedisin klinisk farmakologi medisinsk biokjemi medisinsk genetikk medisinsk mikrobiologi patologi,,anbefalt standard,semantisk,eksisterer,pasientens prøvesvar,helsedirektoratet,,norsk laboratoriekodeverk ehelseno,https://www.ehelse.no/standardisering/standarder/norsk-laboratoriekodeverk
kodeverk og terminologi,absoluttlisten oversikt kritiske medisinske tilstander,,liste diagnosertilstander bør registreres kritisk medisinsk tilstand kjernejournal dynamisk liste oppdateres tilpasses kontinuerlig faktiske kliniske behov tråd gjeldende kunnskap praksis,,,semantisk,eksisterer,pasientens kritiske informasjon,helsedirektoratet,,absoluttlisten pdf nhnno,https://www.nhn.no/tjenester/kjernejournal/dokumentasjon-for-kjernejournal/nyttig-dokumentasjon-for-helsepersonell/absoluttliste%20-%20nettversjon%200721.pdf
kodeverk og terminologi,norsk patologikodeverk,,norsk patologikodeverk kodeverk benyttes norske patologiavdelinger,,anbefalt standard,semantisk,eksisterer,pasientens prøvesvar,norske patologforening,,norsk patologikodeverk ehelseno,https://www.ehelse.no/standardisering/standarder/norsk-patologikodeverk
kodeverk og terminologi,kritisk informasjon kjernejournal klinisk beskrivelse kodeverk,,beskrivelse kodeverk brukes forbindelse kritisk informasjon kjernejournal dokumentet eies norsk helsenett,,,semantisk,eksisterer,pasientens kritiske informasjon,norsk helsenett nhn,,kritisk informasjon kjernejournal klinisk beskrivelse kodeverk pdf nhnno,https://www.nhn.no/tjenester/kjernejournal/dokumentasjon-for-kjernejournal/nyttig-dokumentasjon-for-helsepersonell/ie-2006_kritisk%20informasjon_klinisk%20beskrivelse%20og%20kodeverk_.pdf
krav og prinsipper,implementation guide norwegian usage of ihe xds xca and xua,,implementasjonsguide beskriver norsk bruk ihe integrasjonsprofiler basert xds xca xua dokumentet beskriver utvidelser begrensninger aktører transaksjoner profilene,,,"semantisk, teknisk",eksisterer,pasientens journaldokumenter,norsk helsenett nhn,hits,implementation guide norwegian usage of ihe xds xca and xua pdf nhnno,https://utviklerportal-dev.utvikling.nhn.no/media/2ujlacuk/implementation-guide-for-norwegian-usage-of-ihe-xds-xca-and-xua.pdf
krav og prinsipper,kritisk informasjon kjernejournal klinisk beskrivelse kodeverk,,beskrivelse kodeverk brukes forbindelse kritisk informasjon kjernejournal dokumentet eies norsk helsenett,,,"organisatorisk, semantisk",eksisterer,pasientens kritiske informasjon,norsk helsenett nhn,,kritisk informasjon kjernejournal klinisk beskrivelse kodeverk pdf nhnno,https://www.nhn.no/tjenester/kjernejournal/dokumentasjon-for-kjernejournal/nyttig-dokumentasjon-for-helsepersonell/ie-2006_kritisk%20informasjon_klinisk%20beskrivelse%20og%20kodeverk_.pdf
krav og prinsipper,løsningsbeskrivelse dokumentdeling,,utviklerportalen nhn inneholder blant annet informasjon løsningskomponenter grensesnitt logging dokumentdeling,,,teknisk,eksisterer,pasientens journaldokumenter,norsk helsenett nhn,,dokumentdeling utviklerportalnhnno,https://utviklerportal.nhn.no/informasjonstjenester/pasientens-journaldokumenter-i-kjernejournal/
krav og prinsipper,begrepsdefinisjoner tilgangsbegrensning mv behandlingsrettede helseregistre,,formålet begrepsdefinisjonene enhetlig bruk begreper tilgangsbegrensning behandlingsrettede helseregistre herunder epjsystemer nasjonale ehelseløsninger,,,"organisatorisk, semantisk",eksisterer,pasientens prøvesvar,helsedirektoratet,hits,begrepsdefinisjoner tilgangsbegrensning mv behandlingsrettede helseregistre ehelseno,https://www.ehelse.no/standardisering/standarder/begrepsdefinisjoner%20for%20tilgangsbegrensning%20mv.%20i%20behandlingsrettede%20helseregistre
krav og prinsipper,bruk xml svarrapport v14 pasientens prøvesvar,,dokumentet beskriver innholdet meldingsprofilene standarden svarrapportering medisinske tjenester v14 danner grunnlaget presentasjon tilgjengeliggjøring data pasientens prøvesvar kjernejournal,,,semantisk,eksisterer,pasientens prøvesvar,helsedirektoratet,hits,bruk xml svarrapport v14 pasientens prøvesvar ehelseno,https://www.ehelse.no/standardisering/standarder/bruk%20av%20xml%20svarrapport%20v1.4%20i%20pasientens%20pr%c3%b8vesvar
krav og prinsipper,målarkitektur datadeling,,målarkitekturen beskriver egenskaper funksjoner nødvendige oppnå datadeling sektoren samt felleskomponenter sektoren ønsker etableresvidereutvikles,,retningslinje,"organisatorisk, semantisk, teknisk",eksisterer,pasientens kritiske informasjon,helsedirektoratet,hitr,målarkitektur datadeling helse omsorgssektoren ehelseno,"https://www.ehelse.no/standardisering/standarder/malarkitektur-for-datadeling-i-helse-og-omsorgssektoren#:~:text=m%c3%a5larkitekturen%20beskriver%20hvilke%20egenskaper%20og%20funksjoner%20som%20er,samt%20hvilke%20felleskomponenter%20som%20sektoren%20%c3%b8nsker%20skal%20etableres%2fvidereutvikles."
krav og prinsipper,forretningsmessige arkitekturprinsipper datadeling,,prinsippene gir organisatoriske føringer datadeling handler blant annet grensesnitt gjøres tilgjengelige forvaltes bruk standarder prinsippene beskrevet kapittel 4 referansearkitekturen,,retningslinje,organisatorisk,eksisterer,pasientens kritiske informasjon,helsedirektoratet,hitr,referansearkitektur datadeling se kap 43 44 ehelseno,https://www.ehelse.no/standardisering/standarder/referansearkitektur-for-datadeling
krav og prinsipper,informasjons sikkerhetsprinsipper datadeling,,prinsippene gir føringer informasjonssikkerhet innhold datadeling handler blant annet autentisering tillitstjenester prinsippene beskrevet kapittel 4 referansearkitekturen,,retningslinje,semantisk,eksisterer,pasientens kritiske informasjon,helsedirektoratet,hitr,referansearkitektur datadeling se kap 43 44 ehelseno,https://www.ehelse.no/standardisering/standarder/referansearkitektur-for-datadeling
krav og prinsipper,tekniske arkitekturprinsipper datadeling,,prinsippene gir tekniske føringer datadeling handler god praksis publisering bruk apier prinsippene beskrevet kapittel 4 referansearkitekturen,,retningslinje,teknisk,eksisterer,pasientens kritiske informasjon,helsedirektoratet,hitr,referansearkitektur datadeling se kap 43 44 ehelseno,https://www.ehelse.no/standardisering/standarder/referansearkitektur-for-datadeling
krav og prinsipper,referansearkitektur datadeling,,referansearkitektur datadeling flere referansearkitekturer innen elektronisk samhandling helse omsorgssektoren,,retningslinje,"organisatorisk, semantisk, teknisk",eksisterer,pasientens kritiske informasjon,helsedirektoratet,hitr,referansearkitektur datadeling ehelseno,https://www.ehelse.no/standardisering/standarder/referansearkitektur-for-datadeling
krav og prinsipper,forretningsmessige arkitekturprinsipper dokumentdeling,,prinsippene gir føringer organisatoriske nivået dokumentdeling handler ansvar bruk publisering dokumenter prinsippene beskrevet kapittel 6 målarkitekturen,,retningslinje,organisatorisk,eksisterer,pasientens journaldokumenter,helsedirektoratet,hitr,målarkitektur dokumentdeling se kap 61 ehelseno,https://www.ehelse.no/standardisering/standarder/malarkitektur-for-dokumentdeling
teknisk grensesnitt,dokumentasjon api fhir pasientens prøvesvar,,teknisk informasjon fhirressurser grensesnitt pasientens prøvesvar,,,teknisk,under utvikling,pasientens prøvesvar,norsk helsenett nhn,,dokumentasjon api fhir pasientens prøvesvar nhnno,https://utviklerportal.nhn.no/informasjonstjenester/pasientens-proevesvar/
teknisk grensesnitt,xmlskjema elektronisk svarrapportering radiologi laboratoriesvar,,hierarkisk oversikt meldingen strukturert enkelte profilen spesifiserer bruk xmlskjemaet,,,"semantisk, teknisk",eksisterer,pasientens prøvesvar,helsedirektoratet,,xmlskjema svarrapport 14 ehelseno,https://git.sarepta.ehelse.no/publisert/standarder/raw/master/skjema/svarrapport/svar-v1.4.xsd
teknisk grensesnitt,api kritisk informasjon kjernejournal,,api kjernejournal gjør mulig integrere kliniske fagsystem kjernejournal unngå duplisering kritisk informasjon,,,teknisk,eksisterer,pasientens kritiske informasjon,norsk helsenett nhn,,kritisk informasjonapi alert information nhnno,https://kjernejournal.atlassian.net/wiki/spaces/kjernejourdok1/pages/836796547/kritisk+informasjon-api+alert+information
teknisk grensesnitt,integrating the healthcare enterprise mobile access to health documents ihe mhd,,mobile access to health documents mhd definerer fhirbasert standardisert grensesnitt dele dokumenter formatuavhengige metadata opprinnelig definert xds,,,teknisk,eksisterer,pasientens journaldokumenter,integrating the healthcare enterprise ihe,,mobile access to health documents mhd ihenet,https://profiles.ihe.net/iti/tf/volume1/ch-33.html
teknisk grensesnitt,integrating the healthcare enterprise crossenterprise user assertion ihe xua,,xua profil håndtering autentisering tvers samarbeidsområder beskriver sikkerhetsbilletten gjelder innenfor tvers samarbeidsområder,,,teknisk,eksisterer,pasientens journaldokumenter,integrating the healthcare enterprise ihe,,cross enterprise user assertion xua ihenet,https://profiles.ihe.net/iti/tf/volume1/ch-13.html
teknisk grensesnitt,integrating the healthcare enterprise cross community access ihe xca,,tillates flere samarbeidsområder profilen xca kreves søke få tilgang dokumenter tvers samarbeidsområdene,,,teknisk,eksisterer,pasientens journaldokumenter,integrating the healthcare enterprise ihe,,crosscommunity access xca ihenet,https://profiles.ihe.net/iti/tf/volume1/ch-18.html
teknisk grensesnitt,integrating the healthcare enterprise crossenterprise document sharing ihe xds,,xds profil håndtere dokumentdeling tvers virksomheter innen samarbeidsområde,,,teknisk,eksisterer,pasientens journaldokumenter,integrating the healthcare enterprise ihe,,xds specification ihenet,https://wiki.ihe.net/index.php/cross-enterprise_document_sharing
teknisk samhandlingsform,samhandlingsform direkte tilgang,,tilgang fellesløsning løsning annen virksomhet eksempel bruk portal,,,teknisk,eksisterer,pasientens journaldokumenter pasientens kritiske informasjon pasientens prøvesvar,,,oversikt tekniske samhandlingsformer,https://www.ehelse.no/arkitektur/nasjonal-arkitekturstyring/oversikt-over-digitale-samhandlingsformer#tekniske-samhandlingsformer
teknisk samhandlingsform,samhandlingsform meldingsutveksling,,elektronisk meldingsutveksling innebærer overføring mottak strukturerte data kjente avsendere mottakere benyttes organisatoriske samhandlingsformen sende motta,,,teknisk,eksisterer,pasientens prøvesvar,helsedirektoratet,,oversikt tekniske samhandlingsformer,https://www.ehelse.no/arkitektur/nasjonal-arkitekturstyring/oversikt-over-digitale-samhandlingsformer#tekniske-samhandlingsformer
teknisk samhandlingsform,samhandlingsform dokumentdeling,,dokumentdeling omhandler deling godkjente lesbare dokumenter inkludert bilder gjennom felles infrastrukturtjenester konsument søke tilgjengelige dokumenter gitt pasient hos andre virksomheter få tilgang dokumentene,,,teknisk,eksisterer,pasientens journaldokumenter,helsedirektoratet,,oversikt tekniske samhandlingsformer,https://www.ehelse.no/arkitektur/nasjonal-arkitekturstyring/oversikt-over-digitale-samhandlingsformer#tekniske-samhandlingsformer
klinisk fagsystem,klinisk fagsystem,,elektronisk system ivaretar særskilte funksjoner innen klinisk behandling eksempelvis fagsystemkategorier lims laboratoriestøtte rad radiologistøtte føde fødselsklinikk ulike epjsystemer,,,teknisk,eksisterer,pasientens journaldokumenter,enkelte aktør,,målarkitektur dokumentdeling ehelseno,https://www.ehelse.no/standardisering/standarder/malarkitektur-for-dokumentdeling
faktaark,bruk databehandler faktaark 10,,faktaarket sikre helse personopplysninger behandles annen måte avtalt databehandlingsansvarlig,,,,eksisterer,pasientens journaldokumenter,normen,,bruk databehandler faktaark 10 ehelseno,https://www.ehelse.no/normen/normen-dokumenter/bruk-av-databehandler-faktaark-10
nasjonal e-helseløsning,eresept,,eresept løsning sikker overføring reseptinformasjon løsningen består sett ulike meldinger systemer håndterer sikker rekvirering utlevering pasient,,,organisatorisk,eksisterer,pasientens kritiske informasjon pasientens legemiddelliste,norsk helsenett nhn,,eresept nhnno,https://www.nhn.no/tjenester/e-resept/om-e-resept
nasjonal e-helseløsning,kjernejournal,,kjernejournal digital løsning deling pasientenes helseopplysninger tvers virksomheter nivåer helsevesenet,,,organisatorisk,eksisterer,pasientens journaldokumenter pasientens kritiske informasjon pasientens prøvesvar pasientens legemiddelliste,norsk helsenett nhn,,kjernejournal nhnno,https://www.nhn.no/tjenester/kjernejournal
informasjonslager,dokumentlager document repository,,tjeneste dokumentdelingsløsninger tilbyr oppbevaring henting tilgjengeliggjøring dokumenter hvert samarbeidsområde må minst dokumentlager flere,,,teknisk,eksisterer,pasientens journaldokumenter,enkelte samarbeidsområdet,,målarkitektur dokumentdeling ehelseno,https://www.ehelse.no/standardisering/standarder/malarkitektur-for-dokumentdeling
samhandlingskomponent,personvern tilgangsstyring pts,,nasjonale personverntjenesten samling tilgjengeliggjøring tilgangsbegrensninger herunder personverninnstillinger,,,teknisk,eksisterer,pasientens prøvesvar,norsk helsenett nhn,,personvern tilgangsstyring pts nhnno,https://utviklerportal.nhn.no/informasjonstjenester/pts/
samhandlingskomponent,nasjonalt koblingspunkt clinical affinity domain xca gateway,,koblingspunkt gjør mulig lokaleregionale koblingspunkter spørre hente dokumenter tvers samarbeidsområder kontakte ulike koblingspunktene direkte,,,teknisk,eksisterer,pasientens journaldokumenter,enkelte samarbeidsområdet,,målarkitektur dokumentdeling ehelseno,https://www.ehelse.no/standardisering/standarder/malarkitektur-for-dokumentdeling
samhandlingskomponent,felles apikatalog,,portal gir oversikt informasjon tilgjengelige apier oversikten tilgjengelig nhns utviklerportal fortløpende oppdatert informasjon apier,,,teknisk,eksisterer,pasientens kritiske informasjon,norsk helsenett nhn,,nhn utviklerportal,https://utviklerportal.nhn.no
samhandlingskomponent,personvernkomponenten,,personvernkomponenten pvk fellesløsning innbyggers innstillinger knyttet personvern lagret,,,teknisk,eksisterer,pasientens journaldokumenter pasientens kritiske informasjon,norsk helsenett nhn,,personvernkomponenten nhnno,https://helsenorge.atlassian.net/wiki/spaces/helsenorge/pages/376602660/generelt+om+pvk
samhandlingskomponent,innbyggersts secure token service,,komponent beskriver innloggingsløsning innbygger valgt bruke,,,teknisk,eksisterer,pasientens kritiske informasjon,norsk helsenett nhn,,målarkitektur datadeling helse omsorgssektoren ehelseno,"https://www.ehelse.no/standardisering/standarder/malarkitektur-for-datadeling-i-helse-og-omsorgssektoren#:~:text=m%c3%a5larkitekturen%20beskriver%20hvilke%20egenskaper%20og%20funksjoner%20som%20er,samt%20hvilke%20felleskomponenter%20som%20sektoren%20%c3%b8nsker%20skal%20etableres%2fvidereutvikles."
samhandlingskomponent,dokumentregister document registry,,fellestjeneste dokumentdelingsløsning inneholder søkbare metadata dokumentene inkludert peker dokumentlageret dokumentet lagret registeret tilbyr søk konsumerende virksomheter tillegg tilbyr grensesnitt registering metadata dokument,,,teknisk,eksisterer,pasientens journaldokumenter,enkelte samarbeidsområdet,,målarkitektur dokumentdeling ehelseno,https://www.ehelse.no/standardisering/standarder/malarkitektur-for-dokumentdeling
samhandlingskomponent,koblingspunkt lokaltregionalt samarbeidsområde clinical affinity domain xca gateway,,koblingspunkt gjør mulig andre samarbeidsområder spørre hente dokumenter,,,teknisk,eksisterer,pasientens journaldokumenter,enkelte samarbeidsområdet,,målarkitektur dokumentdeling ehelseno,https://www.ehelse.no/standardisering/standarder/malarkitektur-for-dokumentdeling
informasjonsmodell,bruk laboratoriekodeverk rekvirering svarrapportering medisinske tjenester,,dokumentet beskriver laboratoriekodeverk benyttes meldingsstandardene svarrapportering medisinske tjenester rekvirering medisinske tjenester dokumentet viser nlk benyttes xmlmeldingene samt ulike xmlelementene benyttes angi informasjon prøvemateriale anatomisk lokalisasjon metode enhet,,anbefalt standard,semantisk,eksisterer,pasientens prøvesvar,helsedirektoratet,hits,bruk laboratoriekodeverk rekvirering svarrapportering medisinske tjenester ehelseno,https://www.ehelse.no/standardisering/standarder/bruk-av-laboratoriekodeverk-i-rekvirering-og-svarrapportering-av-medisinske-tjenester
informasjonsmodell,bruk standardene rekvirering medisinske tjenester svarrapportering medisinske tjenester,,dokumentet beskriver bruk standardene rekvirering medisinske tjenester svarrapportering medisinske tjenester standardene håndtert korrekt måte sending mottak dokumentet angir lovlig bruk berørte kodeverk bruk ider endringer kanselleringer tillegg historikk,,anbefalt standard,semantisk,eksisterer,pasientens prøvesvar,helsedirektoratet,his,bruk standardene rekvirering medisinske tjenester svarrapportering medisinske tjenester ehelseno,https://www.ehelse.no/standardisering/standarder/bruk-av-standardene-rekvirering-av-medisinske-tjenester-og-svarrapportering-av-medisinske-tjenester
informasjonsmodell,svarrapportering medisinske tjenester v14,,standard beskriver overordnede informasjonsmodellen elektronisk svarrapportering medisinske tjenester dekker laboratoriesvar radiologisvar,,obligatorisk standard,semantisk,eksisterer,pasientens prøvesvar,helsedirektoratet,his,svarrapportering medisinske tjenester v14 ehelseno,https://www.ehelse.no/standardisering/standarder/svarrapportering-av-medisinske-tjenester-v1.4
veileder,veileder digital pasientkommunikasjon,,veilederen gir informasjon etterlevelse kravene tekniske administrative tiltak etablering løsninger pasientkommunikasjon,,,organisatorisk,eksisterer,pasientens journaldokumenter,normen,,veileder digital pasientkommunikasjon ehelseno,https://www.ehelse.no/normen/normen-dokumenter/veileder%20i%20digital%20pasientkommunikasjon
forskrift,endringer kjernejournalforskriften,,gjennom endring kjernejournalforskriften laboratorie bildediagnostiske svar innen åtte fagområder vedtatt nye innholdselementer kjernejournal forskriftsendringen trådt kraft skjer tidspunkt helse omsorgsdepartementet bestemmer,,,juridisk,under utvikling,pasientens prøvesvar,helse omsorgsdepartementet,,,
lov,pasient brukerrettighetsloven,,personopplysningsloven personvernforordningen pasientjournalloven tildels pasient brukerrettighetsloven regulerer behandling person helseopplysninger pasient brukerrettighetsloven fastsetter rettigheter pasienten overfor helse omsorgstjenesten herunder rett innsyn journal rett motsette deling journalopplysninger,,,juridisk,eksisterer,pasientens journaldokumenter pasientens kritiske informasjon pasientens prøvesvar pasientens legemiddelliste,helse omsorgsdepartementet,,lov pasient brukerrettigheter pasient brukerrettighetsloven lovdatano,https://lovdata.no/dokument/nl/lov/1999-07-02-63?q=pasient-%20og%20brukerrettighetsloven
lov,personopplysningsloven,,personopplysningsloven personvernforordningen pasientjournalloven tildels pasient brukerrettighetsloven regulerer behandling person helseopplysninger personopplysningsloven gjennomfører eus personvernforordning norsk rett sentrale sektorovergripende loven gjelder behandling personopplysninger loven utfyller pasientjournallovens særlige bestemmelser behandling helseopplysninger,,,juridisk,eksisterer,pasientens journaldokumenter pasientens kritiske informasjon pasientens prøvesvar pasientens legemiddelliste,justis beredskapsdepartementet,,lov behandling personopplysninger personopplysningsloven lovdatano,https://lovdata.no/dokument/nl/lov/2018-06-15-38?q=personopplysningsloven
informasjonsmodell,metadata dokumentdeling ihe xds metadata,,norsk profil ihe xds metadata formålet profilen understøtte mest mulig lik implementering xds norge skape felles forståelse metadata gjøres tilgjengelig,,anbefalt standard,semantisk,eksisterer,pasientens journaldokumenter,helsedirektoratet,his,norsk profil ihe xdsb ehelseno,https://www.ehelse.no/standardisering/standarder/ihe-xds-metadata
kodeverk og terminologi,begrepsdefinisjoner tilgangsbegrensning mv behandlingsrettede helseregistre,,formålet begrepsdefinisjonene enhetlig bruk begreper tilgangsbegrensning behandlingsrettede helseregistre herunder epjsystemer nasjonale ehelseløsninger,,,semantisk,eksisterer,pasientens journaldokumenter pasientens prøvesvar,helsedirektoratet,,begrepsdefinisjoner tilgangsbegrensning mv behandlingsrettede helseregistre ehelseno,https://www.ehelse.no/standardisering/standarder/begrepsdefinisjoner%20for%20tilgangsbegrensning%20mv.%20i%20behandlingsrettede%20helseregistre
krav og prinsipper,anbefaling tillitsmodell data dokumentdeling,,rapporten fokuserer tilgangsstyring data dokumentdeling tvers virksomheter personell anbefaler tillitsmodell overordnede prinsipper gjelde tilgangsstyring tvers virksomheter anbefalingen inkluderer videre steg realisere tillitsmodellen,,veileder,organisatorisk,eksisterer,pasientens journaldokumenter pasientens kritiske informasjon pasientens prøvesvar pasientens legemiddelliste,helsedirektoratet,hitr,anbefaling tillitsmodell data dokumentdeling ehelseno,https://www.ehelse.no/standardisering/standarder/anbefaling-av-tillitsmodell-for-data-og-dokumentdeling
organisatorisk samhandlingsform,samhandlingsform slå tilgjengeliggjøre,,slå tilgjengeliggjøre støtter samhandlingstjenester behov tilgjengeliggjøre informasjon bruker flere andre navngitte brukere slå gjennom avtalte kanaler tilegne informasjonen behov uavhengig tilgjengeliggjort,,,organisatorisk,eksisterer,pasientens journaldokumenter pasientens prøvesvar,helsedirektoratet,,oversikt organisatoriske samhandlingsformer,https://www.ehelse.no/arkitektur/nasjonal-arkitekturstyring/oversikt-over-digitale-samhandlingsformer#organisatoriske-samhandlingsformer
faktaark,sikkerhetskrav sikkerhetsdokumentasjon iktprosjekter faktaark 37,,formålet sikre tilfredsstillende informasjonssikkerhet god sikkerhetsdokumentasjon prosjekter endre innføre nye iktløsninger påse sikkerhetsløsninger dokumentasjon overføres driftsmiljøet endt prosjekt prosjektleder normalt få delegert ansvar dataansvarlig påse prosjekter gjennomføres tilfredsstillende informasjonssikkerhet gjennomføres prosjekter planleggesstartes overføres ordinær drift prosjekter innføreendreutvide iktløsning inkluderer behandling helse personopplysninger,,,,eksisterer,pasientens journaldokumenter pasientens kritiske informasjon pasientens legemiddelliste,normen,,sikkerhetskrav sikkerhetsdokumentasjon iktprosjekter faktaark 37 ehelseno,https://www.ehelse.no/normen/normen-dokumenter/sikkerhetskrav-og-sikkerhetsdokumentasjon-i-ikt-prosjekter-faktaark-37
faktaark,sperret adresse folkeregisteret faktaark 55,,faktaarkets formål bidra helse omsorgssektoren opprettholder beskyttelse trusselutsatte adressesperre folkeregisteret tiltak beskytte trusselutsatte personer dvs personer står fare utsatt alvorlig kriminalitet rettet liv helse frihet typiske eksempler vitner informanter personer utsatt vold trusler,,,,eksisterer,pasientens journaldokumenter pasientens kritiske informasjon pasientens prøvesvar pasientens legemiddelliste,normen,,sperret adresse folkeregisteret faktaark 55 ehelseno,https://www.ehelse.no/normen/normen-dokumenter/sperret-adresse-i-folkeregisteret-faktaark-55
faktaark,kommunikasjon åpne nett faktaark 24,,faktaarkets formål beskrive tiltak ivareta tilfredsstillende sikkerhet elektronisk kommunikasjon helse personopplysninger åpne nett,,,"organisatorisk, teknisk",eksisterer,pasientens journaldokumenter pasientens kritiske informasjon pasientens prøvesvar pasientens legemiddelliste,normen,,kommunikasjon åpne nett faktaark 24 ehelseno,https://www.ehelse.no/normen/normen-dokumenter/kommunikasjon%20over%20%c3%a5pne%20nett%20(faktaark%2024)
faktaark,sikkerhets samhandlingsarkitektur tilgang helseopplysninger virksomheter faktaark 20c,,faktaarkets formål standardisere virksomhetens sikkerhetsfunksjoner etablere tilfredsstillende sikkerhet elektronisk samhandling andre aktører helse sosialsektoren,,,"organisatorisk, teknisk",eksisterer,pasientens journaldokumenter pasientens kritiske informasjon pasientens prøvesvar pasientens legemiddelliste,normen,,sikkerhets samhandlingsarkitektur tilgang helseopplysninger virksomheter faktaark 20c ehelseno,https://www.ehelse.no/normen/normen-dokumenter/sikkerhets-og-samhandlingsarkitektur-ved-tilgang-til-helseopplysninger-mellom-virksomheter-faktaark-20c
faktaark,tilgangsstyring faktaark 14,,formålet faktaarket gi oversikt krav tilgangsstyring tilgangsstyring innebærer sikre helse personopplysninger tilgjengelig tjenstlig behov brukere autentisert betryggende måte tilgang tildelt administrert kontrollert fjernet,,,"organisatorisk, teknisk",eksisterer,pasientens journaldokumenter pasientens kritiske informasjon pasientens prøvesvar pasientens legemiddelliste,normen,,tilgangsstyring faktaark 14 ehelseno,https://www.ehelse.no/normen/normen-dokumenter/tilgangsstyring-faktaark-14
faktaark,logging innsyn logg faktaark 15,,formålet faktaarket gi veiledning virksomheten bør gå frem etterleve normens krav logging loggoppfølging faktaarket tar prosessen innsyn logg behandlingsrettet helseregister,,,"organisatorisk, teknisk",eksisterer,pasientens journaldokumenter pasientens kritiske informasjon pasientens prøvesvar pasientens legemiddelliste,normen,,logging innsyn logg faktaark 15 ehelseno,https://www.ehelse.no/normen/normen-dokumenter/logging-og-innsyn-i-logg-faktaark-15
krav og prinsipper,rekvirentspesifikasjon eresept,,funksjonelle spesifikasjoner legemiddelmoduler samhandle eresept spesielt relevant utvikle egen funksjonalitet pll,,,organisatorisk,eksisterer,pasientens legemiddelliste,norsk helsenett nhn,,rekvirentspesifikasjon eresept nhnno,https://e-resept.atlassian.net/wiki/spaces/erdok/pages/2313421608/rekvirentspesifikasjon+for+e-resept
krav og prinsipper,veileder åpne api helse omsorgsektoren,,veilederen gir føringer anbefalinger definerer api åpent gjør enklere sektoren gjøre api åpne andre sette krav åpne api bestillinger leverandører gjør lettere leverandører markedsføre produktene åpne api,,veileder,"organisatorisk, teknisk",eksisterer,pasientens kritiske informasjon pasientens legemiddelliste,helsedirektoratet,hitr,veileder åpne api helse omsorgsektoren ehelseno,https://www.ehelse.no/standardisering/standarder/veiledning-for-%c3%a5pne-api-i-helse-og-omsorgssektoren
veileder,veileder risikostyring informasjonssikkerhet personvern,,veilederen gi veiledning bidra etterlevelse kravene normen knyttet risikostyring,,,,eksisterer,pasientens journaldokumenter pasientens kritiske informasjon pasientens prøvesvar pasientens legemiddelliste,normen,,veileder risikostyring informasjonssikkerhet personvern ehelseno,https://www.ehelse.no/normen/normen-dokumenter/veileder-om-risikostyring-i-informasjonssikkerhet%20og%20personvern
veileder,veileder rettigheter behandling helse personopplysninger,,gir virksomheter helse omsorgstjenesten veiledning registrertes rettigheter ivaretas herunder pasienters rettigheter registrerte,,,,eksisterer,pasientens journaldokumenter pasientens kritiske informasjon pasientens prøvesvar pasientens legemiddelliste,normen,,veileder rettigheter behandling helse personopplysninger ehelseno,https://www.ehelse.no/normen/normen-dokumenter/veileder-for-rettigheter-ved-behandling-av-helse-og-personopplysninger#10.2.3%20behandling%20av%20helseopplysninger%20i%20nasjonal%20kjernejournal
veileder,veileder tilgang helse personopplysninger,,gir veiledning bidrar etterlevelse kravene normen stiller etablering tilfredsstillende tilgangsstyring innad virksomheten,,,organisatorisk,eksisterer,pasientens journaldokumenter pasientens kritiske informasjon pasientens prøvesvar pasientens legemiddelliste,normen,,veileder tilgang helse personopplysninger ehelseno,https://www.ehelse.no/normen/normen-dokumenter/veileder-for-tilgang-til-helse-og-personopplysninger
krav og prinsipper,implementeringsveiledning fest,,implementeringsveiledningen direktoratet medisinske produkter dokumentasjon meldingen forskrivnings ekspedisjonsstøtte fest,,,semantisk,eksisterer,pasientens legemiddelliste,direktoratet medisinske produkter,,implementeringsveiledning fest dmpno,https://www.dmp.no/om-oss/distribusjon-av-legemiddeldata/fest/hvordan-bruke-fest#implementeringsveiledning-fest-1
krav og prinsipper,krav utleverere medikamenter,,kravdokumentene beskriver funksjonalitet knyttet ereseptmeldinger benyttes kommunikasjon utleverersystemer reseptformidleren samt meldinger benyttes oppgjørsløsningen helfo,,,teknisk,eksisterer,pasientens legemiddelliste,norsk helsenett nhn,,krav utleverere medikamenter nhnno,https://e-resept.atlassian.net/wiki/spaces/erdok/pages/953685209/krav+til+utleverere
nasjonal e-helseløsning,helsenorge,,helsenorge offentlige helseportalen innbyggere norge helsenorgeno gir brukere tilgang egen helseinformasjon,,,organisatorisk,eksisterer,pasientens journaldokumenter pasientens kritiske informasjon pasientens prøvesvar pasientens legemiddelliste,norsk helsenett nhn,,helsenorge nhnno,https://www.nhn.no/tjenester/helsenorge
samhandlingskomponent,helseid,,helseid felles påloggingsløsning helse omsorgssektoren,,,teknisk,eksisterer,pasientens journaldokumenter pasientens kritiske informasjon pasientens legemiddelliste,norsk helsenett nhn,,informasjon helseid nhnno,https://www.nhn.no/tjenester/helseid
informasjonsmodell,nasjonal informasjonsmodell overfølsomhetsreaksjoner,,informasjonsmodellen beskriver informasjon viktig dele ivareta pasientsikkerhet overfølsomhetsreaksjoner,,,semantisk,under utvikling,pasientens kritiske informasjon pasientens legemiddelliste,helsedirektoratet,hits,høringsutkast nasjonal informasjonsmodell overfølsomhetsreaksjoner ehelseno,https://www.ehelse.no/horinger/nasjonal-informasjonsmodell-for-overfolsomhetsreaksjoner
kodeverk og terminologi,safest forskrivnings ekspedisjonsstøtte spesialisthelsetjenesten,,formålet safest etablere kilde strukturert legemiddelinformasjon understøtter behovene sykehus informasjonen elektronisk tilgjengelig gjennom spørregrensesnitt bruk kliniske systemer legemiddelverket leverer dag kvalitetssikret strukturert legemiddelinformasjon bruk eresept fest sykehusene flere behov ønsker strukturert legemiddelinformasjon fest eresept inneholder,,,,under utvikling,pasientens kritiske informasjon,legemiddelverket,,safest forskrivnings ekspedisjonsstøtte spesialisthelsetjenesten legemiddelverketno,https://www.legemiddelverket.no/om-oss/distribusjon-av-legemiddeldata/prosjektet-safest-gjennomforing
teknisk samhandlingsform,samhandlingsform datadeling,,deling data helseaktører innbygger gjennom felles ressurser tjenester sanntid eksempel apier benyttes dele strukturerte data,,,teknisk,eksisterer,pasientens kritiske informasjon pasientens prøvesvar pasientens legemiddelliste,helsedirektoratet,,oversikt tekniske samhandlingsformer,https://www.ehelse.no/arkitektur/nasjonal-arkitekturstyring/oversikt-over-digitale-samhandlingsformer#tekniske-samhandlingsformer
samhandlingskomponent,interaksjonsvarslingstjeneste,,formålet interaksjonsdata avverge legemiddelrelaterte problemer skyldes legemiddelinteraksjoner eksempel bivirkninger manglende effekt direktoratet medisinske produkter laget søkeverktøy uheldige kombinasjoner legemidler mennesker,,,teknisk,,pasientens legemiddelliste,direktoratet medisinske produkter,,interaksjonssøk legemiddelsokno,https://www.legemiddelsok.no/sider/interaksjoner.aspx
organisatorisk samhandlingsform,samhandlingsform endre dele,,endre dele benyttes viktig felles kilde informasjonen oppdateres ulike aktører,,,organisatorisk,eksisterer,pasientens kritiske informasjon pasientens legemiddelliste,helsedirektoratet,,oversikt organisatoriske samhandlingsformer,https://www.ehelse.no/arkitektur/nasjonal-arkitekturstyring/oversikt-over-digitale-samhandlingsformer#organisatoriske-samhandlingsformer
forskrift,pasientjournalforskriften,,pasientjournalforskriften hjemlet pasientjournalloven utfyller blant annet pasientjournallovens krav informasjonssikkerhet forskriften setter blant annet spesifikke krav tilgangsstyring logging,pasientens legemiddelliste vedtatte bestemmelser pasientens legemiddelliste pasientjournalforskriften 6 bokstav e tredje punktum 9 tredd kraft trer kraft tidspunktet departementet bestemmer,,juridisk,eksisterer,pasientens journaldokumenter pasientens legemiddelliste,helse omsorgsdepartementet,,forskrift pasientjournal pasientjournalforskriften lovdatano,https://lovdata.no/dokument/sf/forskrift/2019-03-01-168?q=pasientjournalforskriften
forskrift,forskrift standarder nasjonale ehelseløsninger,,forskriften hjemlet pasientjournalloven 7 8 12 13 forskriften gir blant annet nærmere bestemmelser plikt bruk betaling tilgjengeliggjøring nasjonale ehelseløsninger samt nærmere bestemmelser krav elektronisk behandling helseopplysninger standarder,pasientens legemiddelliste forskriften gir krav funksjonalitet meldingsutvekslinger resepter reseptopplysninger,,juridisk,eksisterer,pasientens kritiske informasjon pasientens prøvesvar pasientens legemiddelliste,helse omsorgsdepartementet,,forskrift standarder nasjonale ehelseløsninger lovdatano,https://lovdata.no/dokument/sf/forskrift/2015-07-01-853?q=forskrift%20om%20standarder%20og%20nasjonale
forskrift,kjernejournalforskriften,,forskriften hjemlet pasientjournalloven 13 forskriften gir nærmere bestemmelser nasjonal kjernejournal følger forskriften 4 opplysninger kjerjournal inneholde omfatter blant annet kritisk informasjon referanser ytterligere informasjon eksempel epikriser,pasientens legemiddelliste pasientens legemiddelliste reseptformidleren tilgjengeliggjøres helsepersonell nasjonal kjernejournal jf kjernejournalforskriften 7,,juridisk,eksisterer,pasientens journaldokumenter pasientens kritiske informasjon pasientens legemiddelliste,helse omsorgsdepartementet,,forskrift nasjonal kjernejournal kjernejournalforskriften lovdatano,https://lovdata.no/dokument/sf/forskrift/2013-05-31-563?q=kjernejournalforskriften
forskrift,reseptformidlerforskriften,,forskriften hjemlet pasientjournalloven 12 gir behandlingsgrunnlaget reseptformidleren forskiften gir nærmere bestemmelser behandling helseopplysninger reseptformidleren formålet reseptformidleren sørge sikker effektiv formidling resepter reseptopplysninger aktører tjenstlig behov samt overføring informasjon kjernejournal opplysninger behandles reseptformidleren følger reseptformidlerforskriften 17,pasientens legemiddelliste pasientens legemiddelliste samlet oppdatert oversikt relevante opplysninger pasientens legemiddelbehandling behandles reseptformidleren,,juridisk,eksisterer,pasientens kritiske informasjon pasientens legemiddelliste,helse omsorgsdepartementet,,forskrift behandling helseopplysninger nasjonal database elektroniske resepter reseptformidlerforskriften lovdatano,https://lovdata.no/dokument/sf/forskrift/2007-12-21-1610
krav og prinsipper,pasientens legemiddelliste pll praksis,,overordnet klinisk beskrivelse pasientens legemiddelliste pll praktiske råd anbefalinger bruk komme endringer,,,"organisatorisk, semantisk",under utvikling,pasientens legemiddelliste,helsedirektoratet,,pasientens legemiddelliste pll praksis ehelseno,https://www.ehelse.no/horinger/horing-pa-informasjonssiden-pll-i-praksis
krav og prinsipper,legemiddelsamstemming legemiddelgjennomgang,,formålet faglige rådene bidra god kvalitet legemiddelbehandlingen gi veiledning rutiner gjennomføring legemiddelsamstemming legemiddelgjennomgang målgruppen rådene primært helsepersonell ledere ansvar organisering gjennomføring tiltakene pasienter pårørende nytte rådene,,,organisatorisk,eksisterer,pasientens legemiddelliste,helsedirektoratet,,legemiddelsamstemming legemiddelgjennomgang hdirno,https://www.helsedirektoratet.no/faglige-rad/legemiddelsamstemming-og-legemiddelgjennomgang
lov,helsepersonelloven,,loven setter krav helsepersonells yrkesutøvelse krav virksomheter yter helsehjelp omfatter blant annet bestemmelser taushetsplikt krav forsvarlighet,pasientens journaldokumenter samhandlingstjenesten pasientens journaldokumenter særlig helsepersonelloven 45 relevant bestemmelsen unntak taushetsplikten fastslår rett plikt gjøre nødvendige relevante opplysninger tilgjengelige helsepersonell trenger forbindelse helsehjelp helsepersonellet virksomheten tilgjengeliggjør opplysningene andre ansvaret vilkårene tilgjengeliggjøringen oppfylt,,juridisk,eksisterer,pasientens journaldokumenter pasientens kritiske informasjon pasientens prøvesvar pasientens legemiddelliste,helse omsorgsdepartementet,,lov helsepersonell mv helsepersonelloven lovdatano,https://lovdata.no/dokument/nl/lov/1999-07-02-64?q=helsepersonelloven
krav og prinsipper,rundskriv legemiddelhåndteringsforskriften is72015,,rundskrivet inneholder mer detaljert beskrivelse forskriften forstås samt veiledning gir råd praktiske eksempler opprettholde gode rutiner sikre kvalitet legemiddelhåndteringen,,,organisatorisk,eksisterer,pasientens legemiddelliste,helsedirektoratet,,rundskriv legemiddelhåndteringsforskriften is72015 pdf hdirno,https://www.helsedirektoratet.no/rundskriv/legemiddelhandteringsforskriften-med-kommentarer/legemiddelh%c3%a5ndteringsforskriften%20med%20kommentarer%20(rev)%20%e2%80%93%20rundskriv.pdf/_/attachment/inline/506142af-6a2f-407f-8f3d-b87d3adc3cd5:81191d21a0a9e3131cb80deff61f723499f3f65c/legemiddelh%c3%a5ndteringsforskriften%20med%20kommentarer%20(rev)%20%e2%80%93%20rundskriv.pdf
krav og prinsipper,eprescription and edispensation of authorised medicinal products,,spesifikasjon utvekslingsformat informasjonselementene eu digital forskrivning utlevering legemidler hvert komme krav gjennom ehdsforordningen tas hensyn arbeidet nasjonale informasjonsmodeller pasientens legemiddelliste,,,"organisatorisk, semantisk, teknisk",eksisterer,pasientens legemiddelliste,eukommisjonen,,eprescription and edispensation of authorised medicinal products pdf eceuropaeu,https://health.ec.europa.eu/document/download/b744f30b-a05e-4b9c-9630-ad96ebd0b2f0_en?filename=ehn_guidelines_eprescriptions_en.pdf
krav og prinsipper,veileder internasjonale standarder legemiddelområdet,,dokumentet beskriver internasjonale standarder legemiddelområdet bør brukes ulike formål tiltak bør gjennomføres sikre standardene tatt bruk enhetlig måte,,,"organisatorisk, semantisk",eksisterer,pasientens legemiddelliste,helsedirektoratet,,veileder internasjonale standarder legemiddelområdet ehelseno,https://www.ehelse.no/standardisering/standarder/veileder%20om%20internasjonale%20standarder%20for%20legemiddelinformasjon
arbeidsprosess,gjøre oppslag tidligere journalopplysninger,,informasjonstjenesten gir helsepersonell muligheten grave dypere innbyggerens sykdoms undersøkelseshistorikk tidligere besøk helsetjenesten eks fastende langtidsblodsukker målt helsepersonell gå journalen få resultater tidligere tester dagens resultater sammenlignes,,,organisatorisk,eksisterer,pasientens journaldokumenter,helsedirektoratet,,,
arbeidsprosess,skaffe oversikt innbyggers tilstand behov helsehjelp,,informasjonstjenestene kategorien benytter helsearbeiderne få oversikt innbyggeren kritisk informasjon innbyggerens helse eks få oversikt evt legemiddelallergier,,,organisatorisk,eksisterer,pasientens kritiske informasjon,helsedirektoratet,,,
informasjonstjeneste,pasientens prøvesvar,får oversikt krav anbefalinger gjelder samhandlingstjenesten pasientens prøvesvar lenker sider dokumenter føringer publisert,pasientens prøvesvar gjør mulig dele prøvesvar tvers behandlingsnivåer uavhengig bestilt undersøkelsen landet utført vedtatt endringer pasientjournalloven 13 femte ledd legger rette pasientens prøvesvar tas del kjernejournal forutsettes imidlertid gjøres endringer kjernejournalforskriften pågår arbeid se oversikt pågående planlagte aktiviteter pasientens prøvesvar veikart nasjonal ehelsestrategi,,,organisatorisk,under utvikling,pasientens prøvesvar,helsedirektoratet,,,
informasjonstjeneste,pasientens kritiske informasjon,får oversikt krav anbefalinger gjelder samhandlingstjenesten pasientens kritiske informasjon lenker sider dokumenter publisert,samhandlingstjenesten baserer kritisk informasjon kjernejournal kritisk informasjon menes informasjon behandlingssituasjon ønsker varsles særskilt helsepersonell pasienten behandling eksempler kritisk informasjon allergier spesielle lidelser tidligere komplikasjoner anestesi se oversikt pågående planlagte aktiviteter pasientens kritiske informasjon veikart nasjonal ehelsestrategi,,,organisatorisk,eksisterer,pasientens kritiske informasjon,helsedirektoratet,,,
informasjonstjeneste,pasientens journaldokumenter,får oversikt krav anbefalinger gjelder samhandlingstjenesten pasientens journaldokumenter lenker sider dokumenter publisert,pasientens journaldokumenter samhandlingstjeneste gi innsyn dokumenter via kjernejournal helsepersonell via helsenorge innbyggere eksempler epikriser sammenfatninger henvisninger se oversikt pågående planlagte aktiviteter pasientens journaldokumenter veikart nasjonal ehelsestrategi,,,organisatorisk,eksisterer,pasientens journaldokumenter,helsedirektoratet,,,
fortolkning,kjernejournals formål forholdet helsepersonelloven 25 b 29 c,,dokumentet lenket under inneholder juridisk vurdering bruk opplysninger kjernejournal formålet yte helsehjelp annen pasient egen læring kvalitetssikring helsehjelpen,,,juridisk,eksisterer,pasientens journaldokumenter,helsedirektoratet,,fortolkning spørsmål bruk opplysninger kjernejournal formålet yte helsehjelp annen pasient egen læring kvalitetssikring helsehjelpen jf helsepersonelloven 25 b 29 c pdf ehelseno,https://www.ehelse.no/regelverk/regelverk-om-deling-av-helseopplysninger/_/attachment/inline/12836bcb-3ef9-463a-bf36-1e9f8116e25a:753f25e56e9f7b88450ddc59d6e0b8e278138ab9/fortolkning%20-%20sp%c3%b8rsm%c3%a5l%20om%20bruk%20av%20opplysninger%20i%20kjernejournal%20der%20form%c3%a5let%20er%20%c3%a5%20yte%20helsehjelp%20til%20en%20annen%20pasient%20eller%20til%20egen%20l%c3%a6ring%20og%20kvalitetssikri.pdf
fortolkning,juridisk vurdering dokumentdeling via kjernejournal pasientens journaldokumenter,,vurderingene lenket under redegjør hjemmelsgrunnlaget dokumentdeling via kjernejournal pasientens journaldokumenter tillegg fastslås rekkevidden deltakende virksomhetenes dataansvar betydning virksomhetenes plikt vurdere risiko sørge iverksettes tilstrekkelige informasjonssikkerhetstiltak ivareta registrertes rettigheter,,,juridisk,eksisterer,pasientens journaldokumenter,helsedirektoratet,,juridisk vurdering pasientens journaldokumenter fortolkning direktoratet ehelse helsedirektoratet uttalelse helse omsorgsdepartementet pdf ehelseno,https://www.ehelse.no/regelverk/regelverk-om-deling-av-helseopplysninger/_/attachment/inline/47957976-add2-4635-b1cd-2300a98b415a:e0fefc58782aed7bc6d462cac671fb39744f83fc/juridisk%20vurdering%20av%20og%20uttalelse%20om%20dokumentdeling%20via%20kjernejournal.pdf
krav og prinsipper,euguidelines on patient summary,,generelle retningslinjer eu patient summary hvert komme krav gjennom ehdsforordningen retningslinjene legger grunnlaget obligatoriske utvekslingsformater under utarbeidelse eu euguidelines tas hensyn arbeidet nasjonale informasjonsmodeller kritisk informasjon,,,semantisk,eksisterer,pasientens kritiske informasjon,eukommisjonen,,euguidelines on patient summary pdf healtheceuropaeu,https://health.ec.europa.eu/document/download/e020f311-c35b-45ae-ba3d-03212b57fa65_en?filename=ehn_guidelines_patientsummary_en.pdf
krav og prinsipper,euguidelines on laboratory results,,generelle retningslinjer eu laboratoriesvar hvert komme krav gjennom ehdsforordningen retningslinjene legger grunnlaget obligatoriske utvekslingsformater under utarbeidelse eu,,,semantisk,eksisterer,pasientens prøvesvar,eukommisjonen,,euguidelines on laboratory results healtheceuropaeu,https://health.ec.europa.eu/publications/ehn-laboratory-result-guidelines_en
kodeverk og terminologi,alvorlighetsgrad,,angir alvorlighetsgrad registrering overfølsomhetsreaksjon kjernejournal registrering utveksling kritisk informasjon kjernejournal,,,semantisk,eksisterer,pasientens kritiske informasjon,norsk helsenett nhn,,alvorlighetsgrad oid7520 finnkodeno,https://finnkode.helsedirektoratet.no/adm/collections/7520
kodeverk og terminologi,underkategorier kritisk informasjon,,viser oversikt ulike underkategoriene kritisk informasjon,,,semantisk,eksisterer,pasientens kritiske informasjon,norsk helsenett nhn,,underkategorier kritisk informasjon oid7651 finnkodeno,https://finnkode.helsedirektoratet.no/adm/collections/7651
kodeverk og terminologi,koder tilgangsbegrensninger behandlingsrettede helseregistre,,kodeverket benyttes angi tilgangsbegrensninger behandlingsrettede helseregistre herunder epjsystemer nasjonale ehelseløsninger,,,semantisk,eksisterer,pasientens journaldokumenter pasientens prøvesvar,helsedirektoratet,,koder tilgangsbegrensninger behandlingsrettede helseregistre oid9603 finnkodeno,https://finnkode.helsedirektoratet.no/adm/collections/9603
kodeverk og terminologi,prosedyreendringer kritisk informasjon,,endringer behandlingsprosedyrer registrert kritisk informasjon gjelder andre prosedyreendringer avgrensning livsforlengende behandling registrering utveksling kritisk informasjon kjernejournal,,,semantisk,eksisterer,pasientens kritiske informasjon,norsk helsenett nhn,,prosedyreendringer kritisk informasjon oid7522 finnkodeno,https://finnkode.helsedirektoratet.no/adm/collections/7522
kodeverk og terminologi,enhet pakning 7452,,enhet bruk pakningsstørrelse nevner styrke pakningsstørrelse beregnes forhold,,,semantisk,eksisterer,pasientens legemiddelliste,direktoratet medisinske produkter,,enhet pakning 7452 finnkodeno,https://finnkode.helsedirektoratet.no/adm/collections/7452
kodeverk og terminologi,reaksjonstyper 7497,,kodeverket inneholder reaksjonstyper legemiddelallergi,,,semantisk,eksisterer,pasientens kritiske informasjon pasientens legemiddelliste,helsedirektoratet,,reaksjonstyper 7497 finnkodeno,https://finnkode.helsedirektoratet.no/adm/collections/7497
kodeverk og terminologi,smittetype kritisk informasjon,,angir type smitte registreres kritisk informasjon kjernejournal registrering utveksling kritisk informasjon kjernejournal,,,semantisk,eksisterer,pasientens kritiske informasjon,norsk helsenett nhn,,smittetype kritisk informasjon oid7519 finnkodeno,https://finnkode.helsedirektoratet.no/adm/collections/7519
kodeverk og terminologi,anatomical therapeutic chemical atc,,kodeverket angir koder internasjonal klassifisering legemidler klassifikasjonssystemet anatomical therapeutic chemical atc classification system,,obligatorisk standard,semantisk,eksisterer,pasientens kritiske informasjon pasientens legemiddelliste,helsedirektoratet,,atc oid7180 finnkodeno,https://finnkode.helsedirektoratet.no/adm/collections/7180
kodeverk og terminologi,metode utlevering vare 7404,,beskriver metode ekspedering varer utleverer apotek bandagist,,,semantisk,eksisterer,pasientens legemiddelliste,helsedirektoratet,,metode utlevering vare 7404 finnkodeno,https://finnkode.helsedirektoratet.no/adm/collections/7404
kodeverk og terminologi,status søknad slv 7436,,,,,semantisk,eksisterer,pasientens legemiddelliste,helsedirektoratet,,status søknad slv 7436 finnkodeno,https://finnkode.helsedirektoratet.no/adm/collections/7436
kodeverk og terminologi,kodeverk dokumenttyper,,kodeverk beskriver dokumenttyper deles gjennom dokumentdelingsløsningen,,,semantisk,eksisterer,pasientens journaldokumenter,helsedirektoratet,,dokumenttyper oid9602 finnkodeno,https://finnkode.helsedirektoratet.no/adm/collections/9602
kodeverk og terminologi,produktgruppe 7403,,kodeverk medisinsk forbruksmateriell dietetiske næringsmidler forskrives blå resept brystproteser refunderes folketrygdloven 107i,,,semantisk,eksisterer,pasientens legemiddelliste,helfo,,produktgruppe 7403 finnkodeno,https://finnkode.helsedirektoratet.no/adm/collections/7403
kodeverk og terminologi,typer kritisk informasjon,,oversikt hovedkategorier kritisk informasjon,,,semantisk,eksisterer,pasientens kritiske informasjon,norsk helsenett nhn,,typer kritisk informasjon oid7650 finnkodeno,https://finnkode.helsedirektoratet.no/adm/collections/7650
kodeverk og terminologi,status resept 7408,,,,,semantisk,eksisterer,pasientens legemiddelliste,helsedirektoratet,,status resept 7408 finnkodeno,https://finnkode.helsedirektoratet.no/adm/collections/7408
kodeverk og terminologi,intubasjonsproblem kritisk informasjon,,gradering anatomisk tilgjengelighet intubasjon iht cormack lehane registrering utveksling kritisk informasjon kjernejournal,,,semantisk,eksisterer,pasientens kritiske informasjon,norsk helsenett nhn,,intubasjonsproblem kritisk informasjon oid7515 finnkodeno,https://finnkode.helsedirektoratet.no/adm/collections/7515
kodeverk og terminologi,mulighet maskeventilasjon,,angir problemer ventilasjon maske registert komplikasjon under anestesi kjernejournal registrering utveksling kritisk informasjon kjernejournal,,,semantisk,eksisterer,pasientens kritiske informasjon,norsk helsenett nhn,,mulighet maskeventilasjon oid7516 finnkodeno,https://finnkode.helsedirektoratet.no/adm/collections/7516
kodeverk og terminologi,pågående behandling kritisk informasjon,,angir pågående viktig behandling registert kritisk informasjon gjelder behandling normalt utledes pasientens forskrevne resepter registrering utveksling kritisk informasjon kjernejournal,,,semantisk,eksisterer,pasientens kritiske informasjon,norsk helsenett nhn,,pågående behandling kritisk informasjon oid7517 finnkodeno,https://finnkode.helsedirektoratet.no/adm/collections/7517
kodeverk og terminologi,implantater kritisk informasjon,,angir type implantat registert kritisk informasjon registrering utveksling kritisk informasjon kjernejournal,,,semantisk,eksisterer,pasientens kritiske informasjon,norsk helsenett nhn,,implantater kritisk informasjon oid7518 finnkodeno,https://finnkode.helsedirektoratet.no/adm/collections/7518
kodeverk og terminologi,hjemmel refusjon medisinsk begrunnelse ny forskrift 7427,,lovgrunnlag refusjon,,,semantisk,eksisterer,pasientens legemiddelliste,helsedirektoratet,,hjemmel refusjon medisinsk begrunnelse ny forskrift 7427 finnkodeno,https://finnkode.helsedirektoratet.no/adm/collections/7427
kodeverk og terminologi,annen allergi kritisk informasjon,,angir annet allergen legemidler årsak alvorlig allergisk reaksjon registrert kritisk informasjon,,,semantisk,eksisterer,pasientens kritiske informasjon,norsk helsenett nhn,,annen allergi kritisk informasjon oid7514 finnkodeno,https://finnkode.helsedirektoratet.no/adm/collections/7514
kodeverk og terminologi,bekreftelse,,angir registrering kritisk informasjon verifisert avkreftet registrering utveksling kritisk informasjon kjernejournal,,,semantisk,eksisterer,pasientens kritiske informasjon,norsk helsenett nhn,,bekreftelse oid7524 finnkodeno,https://finnkode.helsedirektoratet.no/adm/collections/7524
kodeverk og terminologi,sannsynlighet,,angir sannsynlig oppgitt allergen årsaken registerte reaksjonen benyttes registrering overfølsomhetsreaksjoner kjernejournal registrering utveksling kritisk informasjon kjernejournal,,,semantisk,eksisterer,pasientens kritiske informasjon,norsk helsenett nhn,,sannsynlighet oid 7521 finnkodeno,https://finnkode.helsedirektoratet.no/adm/collections/7521
kodeverk og terminologi,helsepersonellregisterets hpr klassifikasjon spesialiteter 7426,,kodeverket inneholder koder spesialiteter helsepersonellregisteret kilde forskrift spesialistgodkjenning helsepersonell turnusstillinger leger,,,semantisk,eksisterer,pasientens legemiddelliste,helsedirektoratet,,helsepersonellregisterets hpr klassifikasjon spesialiteter 7426 finnkodeno,https://finnkode.helsedirektoratet.no/adm/collections/7426
kodeverk og terminologi,nei 1101,,kodeverket inneholder koder angi svar nei,,,semantisk,eksisterer,pasientens legemiddelliste,helsedirektoratet,,nei 1101 finnkodeno,https://finnkode.helsedirektoratet.no/adm/collections/1101
kodeverk og terminologi,rolle forhold pasient 7490,,oppgir rolle organisasjon helseperson forhold pasient,,,semantisk,eksisterer,pasientens legemiddelliste,helsedirektoratet,,rolle forhold pasient 7490 finnkodeno,https://finnkode.helsedirektoratet.no/adm/collections/7490
kodeverk og terminologi,typeresept 7491,,,,,semantisk,eksisterer,pasientens legemiddelliste,helsedirektoratet,,typeresept 7491 finnkodeno,https://finnkode.helsedirektoratet.no/adm/collections/7491
kodeverk og terminologi,kommentar oppføring lib 7495,,struktuert kommentar oppføring legemidler bruk lib m25,,,semantisk,eksisterer,pasientens legemiddelliste,helsedirektoratet,,kommentar oppføring lib 7495 finnkodeno,https://finnkode.helsedirektoratet.no/adm/collections/7495
kodeverk og terminologi,nasjonalt register enheter spesialisthelsetjenesten resh 3512,,oversikt organisatoriske enheter innen spesialisthelsetjenesten,,,semantisk,eksisterer,pasientens legemiddelliste,helsedirektoratet,,nasjonalt register enheter spesialisthelsetjenesten resh 3512 finnkodeno,https://finnkode.helsedirektoratet.no/adm/collections/3512
kodeverk og terminologi,kilde opplysninger 7498,,kodeverket inneholder alternativer oppgi opplysninger allergisk reaksjon kommer,,,semantisk,eksisterer,pasientens legemiddelliste,norsk helsenett nhn,,kilde opplysninger 7498 finnkodeno,https://finnkode.helsedirektoratet.no/adm/collections/7498
kodeverk og terminologi,kritisk medisinsk tilstand begrunnelse,,angir begrunnelse tilstand bør ansees kritisk registreres kjernejournal,,,semantisk,eksisterer,pasientens kritiske informasjon,norsk helsenett nhn,,kritisk medisinsk tilstand begrunnelse oid7513 finnkodeno,https://finnkode.helsedirektoratet.no/adm/collections/7513
kodeverk og terminologi,årsak seponering 7494,,,,,semantisk,eksisterer,pasientens legemiddelliste,norsk helsenett nhn,,årsak seponering 7494 finnkodeno,https://finnkode.helsedirektoratet.no/adm/collections/7494
kodeverk og terminologi,svar oppføring lib 7493,,strukturert svar knytte kommentarer gitt oppføringer legemidler bruk lib benyttes angi strukturet svar legemidler bruk lib,,,semantisk,eksisterer,pasientens legemiddelliste,helsedirektoratet,,svar oppføring lib 7493 finnkodeno,https://finnkode.helsedirektoratet.no/adm/collections/7493
kodeverk og terminologi,kilde opplysninger,,kodeverket inneholder alternativer oppgi opplysninger allergisk reaksjon kommer,,,semantisk,eksisterer,pasientens kritiske informasjon,helsedirektoratet,,kilde opplysninger finnkodeno,https://finnkode.helsedirektoratet.no/adm/collections/7498
lov,proposal a regulation on the european health data space,,ehdsforordningen gir rammer helhetlig informasjonsforvaltning tvers primær sekundærbruk helsedata,,,juridisk,under utvikling,pasientens kritiske informasjon,eukommisjonen,,proposal a regulation on the european health data space pdf consiliumeuropaeu,https://www.consilium.europa.eu/media/70909/st07553-en24.pdf
lov,pasientjournalloven,,personopplysningsloven personvernforordningen pasientjournalloven dels pasient brukerrettighetsloven regulerer behandling person helseopplysninger pasientjournalloven sentrale loven gjelder regulering virksomhetenes behandling helseopplysninger forbindelse ytelse helsehjelp,pasientens journaldokumenter samhandlingstjenesten pasientens journaldokumenter gir helsepersonell tjenstlig behov innsyn utvalgte dokumenter tvers helsevirksomheter dokumentene tilgjengeliggjøres via kjernejournal bakgrunn informasjonselementet referanser ytterligere informasjon kjernejournal selve dokumentene del kjernejournal derfor særlig 13 nasjonal kjernejournal 19 helseopplysninger helsehjelp relevante samhandlingstjenesten regelverket regulerer kjernejournal setter ytre ramme dokumentdelingen herunder hvilket formål gjøres oppslag rettslige grunnlaget gi helsepersonellet innsyn selve dokumentene pasientjournalloven 19 jf helsepersonelloven 45 19 fastsetter blant annet helsevirksomheter innen rammen taushetsplikten plikter sørge relevante nødvendige opplysninger tilgjengelige helsepersonell trenger ute helsehjelp imidlertid virksomheten bestemmer opplysningene gjøres tilgjengelige krav gjøres måte tilfredsstiller informasjonssikkerheten virksomheter tilgjengeliggjør dokumenter samhandlingstjenesten pasientens journaldokumenter virksomhetene valgt benytte tjenesten metode tilgjengeliggjøre aktuelle dokumentene virksomheten tilgjengeliggjør ansvaret vilkårene tilgjengeliggjøringen oppfylt pasientens legemiddelliste pasientens legemiddelliste inngå reseptformidlerennbsprettslig grunnlag reseptformidleren pasientjournalloven 12 pasientens kritiske informasjon informasjonstjenesten pasientens kritiske informasjon hovedvilkåret tilgang helsepersonell må quottjenstlig behovquot pasientens kritiske opplysninger kravet tjenstlig behov fremgår pasientjournalloven 13 fjerde ledd bestemmelsen unntak lovbestemt taushetsplikt gjør lovlig tilegne helseopplysninger kjernejournal gjennom tjenesten pasientens kritiske informasjon tillegg kravet tjenstlig behov må helsepersonell hovedregel innhente pasientens samtykke gjøre oppslag konkrete kjernejournalen,,juridisk,eksisterer,pasientens journaldokumenter pasientens kritiske informasjon pasientens prøvesvar pasientens legemiddelliste pasientens måledata,helse omsorgsdepartementet,,lov behandling helseopplysninger ytelse helsehjelp pasientjournalloven lovdatano,https://lovdata.no/dokument/nl/lov/2014-06-20-42?q=pasientjournalloven
informasjonsmodell,informasjonsmodell festkatalogen,,beskrivelse informasjonsinnholdet forskrivnings ekspedisjonsstøtte fest se fest implementeringsveiledning direktoratet medisinske produkter,,,semantisk,eksisterer,pasientens legemiddelliste,helsedirektoratet,,informasjonsmodell festkatalogen hdirno,https://www.ehelse.no/standardisering/standarder/m30-fest-meldingen
samhandlingskomponent,sentral forskrivningsmodul basis api,,sfm basis api tilrettelagt epjsystemer egenutviklet legemiddelmodul sfm basis api gi forenklet kvalitetssikret grensesnitt epj sentrale registrene reseptformidleren rf kjernejournal kj,,,teknisk,eksisterer,pasientens legemiddelliste,norsk helsenett nhn,,sfm basis api nhnno,https://e-resept.atlassian.net/wiki/spaces/sfmdok/pages/2160493776/sfm+basis+api
samhandlingskomponent,sentral forskrivningsmodul fullversjon,,sfm legemiddelmodul inngå integrert del epjsystemet driftes forvaltes sentralt sfm lagres legemiddelopplysningene sfms sentrale database data holdes separat enkelte virksomhet,,,teknisk,eksisterer,pasientens legemiddelliste,norsk helsenett nhn,,sfm fullversjon nhnno,https://e-resept.atlassian.net/wiki/spaces/sfmdok/pages/2160492688/sfm+fullversjon
informasjonsmodell,rekvirering medisinske tjenester v16,,melding rekvirering tjenester innen radiologi laboratoriemedisin,,obligatorisk standard,semantisk,eksisterer,pasientens prøvesvar,helsedirektoratet,his,rekvirering medisinske tjenester v16 ehelseno,https://www.ehelse.no/standardisering/standarder/rekvirering-av-medisinske-tjenester-v1.6
informasjonsmodell,informasjonsmodell sfmfullversjon,,implementasjonsveileder sentral forskrivningsmodul,,,semantisk,,pasientens legemiddelliste,norsk helsenett nhn,,sfm fullversjon nhnno,https://simplifier.net/guide/sfmapidatadeling?version=current
informasjonsmodell,nasjonal informasjonsmodell kritisk informasjon,,helsedirektoratet arbeider beskrive overordnet struktur innhold ulike typer helseinformasjon uavhengig formål teknisk løsning kritisk informasjon pågående arbeid gjennomføres 2024,,,semantisk,under utvikling,pasientens kritiske informasjon,helsedirektoratet,,nasjonal informasjonsmodell kritisk informasjon ehelseno,https://www.ehelse.no/oversikt-over-arbeid-med-internasjonale-e-helsestandarder/helse-nim/lage-helse-nim-for-kritisk-informasjon
faktaark,testing testdata faktaark 43,,formålet faktaarket sikre konfidensialitet integritet tilgjengelighet kvalitet testdata brukes utvikling test itsystemer helse personopplysninger,,,,eksisterer,pasientens journaldokumenter pasientens kritiske informasjon pasientens legemiddelliste,normen,,testing testdata faktaark 43 ehelseno,https://www.ehelse.no/normen/normen-dokumenter/testing%20og%20testdata%20(faktaark%2043)
informasjonslager,lager svarrapporter pasientens prøvesvar,,lager kjernejournal svarrapporter bruk pasientens prøvesvar,,,teknisk,eksisterer,pasientens prøvesvar,norsk helsenett nhn,,teknisk beskrivelse pasientens prøvesvar nhnno,https://www.nhn.no/tjenester/pasientens-provesvar/teknisk-beskrivelse-svarmeldinger
krav og prinsipper,logging etterkontroll,,dokumentet beskriver prinsipper logging loggkontroll loggoppfølging,,,organisatorisk,eksisterer,pasientens journaldokumenter,helsedirektoratet,,logg logging loggkontroll nhnno,"https://www.nhn.no/tjenester/kjernejournal/deling-av-journaldokumenter-gjennom-kjernejournal/logg,%20loggkontroll%20og%20loggoppf%c3%b8lging.pdf"
samhandlingskomponent,reseptformidleren eresept,,reseptformidleren sentral formidlingen informasjon aktørene eresept verdikjeden reseprformidleren database meldingsformidler aktive resepter pasientens legemiddelliste tilhørende meldinger linker videre eresept dokumentasjonen,,,teknisk,eksisterer,pasientens legemiddelliste,norsk helsenett nhn,,reseptformidleren eresept nhnno,https://utviklerportal.nhn.no/informasjonstjenester/reseptformidleren-og-e-resept/
informasjonsmodell,informasjonsmodell sfmbasis api,,implementasjonsveileder fhirapi sentral forskrivningsmodul,,,semantisk,,pasientens legemiddelliste,norsk helsenett nhn,,sfm basis api nhnno,https://simplifier.net/guide/sfmapibasis?version=current
informasjonsmodell,m251 legemidler bruk pasientens legemiddelliste,,meldingsstandard legemidler bruk pasientens legemiddelliste beskrevet m25meldingsstandardene dokumentasjonen inneholder informasjonsmodellen legemidler bruk,,,semantisk,,pasientens legemiddelliste,helsedirektoratet,,legemidler bruk pasientens legemiddelliste hdirno,https://www.ehelse.no/standardisering/standarder/m25.1-legemidler-i-bruk
informasjonstjeneste,pasientens legemiddelliste,får oversikt krav anbefalinger gjelder samhandlingstjenesten pasientens legemiddelliste lenker sider dokumenter føringer publisert,pasientens legemiddelliste inneholde samlet oppdatert oversikt reseptbelagte legemidler pasienten bruker andre legemidler relevant beskrivelse tiltaket pasientens legemiddelliste se oversikt pågående planlagte aktiviteter pasientens legemiddelliste veikart nasjonal ehelsestrategi,,,organisatorisk,under utvikling,pasientens legemiddelliste,helsedirektoratet,,,
